UTM;Y;X;Departamento;Distrito;Localidad;Proyecto;Programa;Cantidad de Viviendas;Empresa;Estado de Obra;Porcentaje de avance;LPN Nº;Fecha de Inicio;Fecha de recepcion definitiva;Nivel;;;;;;;;;;;
;;;ALTO PARAGUAY;Carmelo Peralta;;Punta Ayoreo;FONAVIS;40;Alto Forrest Paraguay;Culminado;;;;;4;;;;;;;;;;;
21 K;7773095;377113;ALTO PARAGUAY;Bahia Negra;Puerto Caballo;Puerto Caballo;Pueblos Originarios;16;J.R. Constructora;Paralizado;;003/11;08/07/11;;;;;;;;;;;;;
21 K;7758976;378545;ALTO PARAGUAY;Bahia Negra;Puerto Diana;Puerto Diana;Pueblos Originarios;20;J.R. Constructora;Paralizado;;003/11;08/07/11;;;;;;;;;;;;;
21 K;7752436;384143;ALTO PARAGUAY;Bahia Negra;Puerto Helena;Puerto Helena;Pueblos Originarios;10;J.R. Constructora;Paralizado;;003/11;08/07/11;;;;;;;;;;;;;
;;;ALTO PARAGUAY;Puerto Casado;;G.O. Machete Vaina;FONAVIS;60;"CODES ""COMUNIDAD Y DESARROLLO SUSTENTABLE""";En Ejecución;;;17/02/13;;4;;;;;;;;;;;
21k;7670976;409330;ALTO PARAGUAY;Fuerte Olimpo;Fuerte Olimpo;Santa Teresita - Fte. Olimpo;Pueblos Originarios;20;LUCIO GERMAN CABAÑAS BARRIOS.---;Rescindido;;011/11;;;;;;;;;;;;;;
21 J;;;ALTO PARAGUAY;Puerto Casado;;G.O.Com.Ind. San Isidro Km. 39;FONAVIS;70;"CODES ""COMUNIDAD Y DESARROLLO SUSTENTABLE""";En Ejecución;;;03/03/14;;4;;;;;;;;;;;
21 J;7223406;718279;ALTO PARANA;Mbaracayu;Kirito;Kirito;Pueblos Originarios;20;S.I.P. Servicios Integrales en Proyectos;Rescindido;;011/11;;;;;;;;;;;;;;
;;;ALTO PARANA;Presidente Franco;Presidente Franco;San Cayetano Km 7 Monday;FONAVIS;10;Lic. Maria Mercedez Enriquez;En Ejecución;;;;;4;;;;;;;;;;;
21J;7180390;731511;ALTO PARANA;Ciudad del Este;Ciudad del Este;Ciudad del Este;Viviendas Económicas;150;CONSTRUCTORA EL PROGRESO;En Ejecución;;003/11;;;;;;;;;;;;;;
21J;7185217;735153;ALTO PARANA;Ciudad del Este;;Takuru Pucu 2° Fase;FONAVIS;10;MERCEDES GERALDINE GONZALEZ ALFONSO;En Ejecución;;;;;4;;;;;;;;;;;
21 J;7188753;736049;ALTO PARANA;Hernandarias;;El Sol sale para Todos 2da fase;FONAVIS;8;CESARINA BARRETO DE ENCISO;Culminado;;;;;4;;;;;;;;;;;
21J;7169693;735334;ALTO PARANA;Presidente Franco;;Presidente Franco;Viviendas Económicas;100;"CONSTRUCTORA ""EL PROGRESO"".---";En Ejecución;;003/11;13/09/11;;;;;;;;;;;;;
21j;7187447;675562;ALTO PARANA;Dr. Juan Leon Mallorquin;;J.L.Mallorquín;Vya Renda;35;INGENIERIA  APLICADA S.A.;Culminado;;007/11;13/10/11;24/03/12;;;;;;;;;;;;
21J;7277752;707014;ALTO PARANA;Yguazu;Arroyo Guazú;Arroyo Guazú;Pueblos Originarios;20;S.I.P. Servicios Integrales en Proyectos;Rescindido;;011/11;;;;;;;;;;;;;;
21 J;7188753;736049;ALTO PARANA;Hernandarias;;El Sol Sale para Todos 1ra Fase;FONAVIS;10;CESARINA BARRETO DE ENCISO;Culminado;;;;;4;;;;;;;;;;;
;;;ALTO PARANA;Presidente Franco;;Cooperativa Oga Reká;FONAVIS;40;C Consultores;En Ejecución;;;;;2,3,4;;;;;;;;;;;
21 J;7188753;736049;ALTO PARANA;Hernandarias;;El Sol sale para Todos 3ra Fase;FONAVIS;8;CESARINA BARRETO DE ENCISO;Culminado;;;;;4;;;;;;;;;;;
21J;7185217;735153;ALTO PARANA;Hernandarias;;Takuru Pucú 1° Fase;FONAVIS;20;MERCEDES GERALDINE GONZALEZ ALFONSO;Paralizado;;;;;4;;;;;;;;;;;
21 J;7191715;734759;ALTO PARANA;Hernandarias;;Virgen de Fatima;FONAVIS;30;CESARINA BARRETO DE ENCISO;En Ejecución;;;04/03/13;;4;;;;;;;;;;;
21J;7171801;693594;ALTO PARANA;Yguazu;Remanso Toro;Remanso Toro;Pueblos Originarios;25;S.I.P. Servicios Integrales en Proyectos;Rescindido;;011/11;;;;;;;;;;;;;;
21J;7167119;735835;ALTO PARANA;Yguazu;Puesto Cue;Puesto cue - N. esperanza;Pueblos Originarios;12;S.I.P. Servicios Integrales en Proyectos;Rescindido;;011/11;;;;;;;;;;;;;;
21 J;7172287;734818;ALTO PARANA;Presidente Franco;Presidente Franco;Asent. Oñondivepá Km. 7,5;FOCEM;98;CONSORCIO KRIMEA;Paralizado;;001/11;;;;;;;;;;;;;;
;;;ALTO PARANA;Ciudad del Este;;Buena Vista;FONAVIS;10;LIC. MARIA MERCEDES ENRIQUEZ ARANDA;En Ejecución;;;;;4;;;;;;;;;;;
21 J;;;ALTO PARANA;Presidente Franco;Presidente Franco;Santo Domingo;FONAVIS;18;ARQ. CARLOS CESAR RIVAS MUÑOZ;En Ejecución;;;;;4;;;;;;;;;;;
21 J;;;ALTO PARANA;Ciudad del Este;B° San José - CDE;Villa Anita/Villa Fany;FONAVIS;6;ARQUIDEC S.R.L;Culminado;;;28/08/14;;4;;;;;;;;;;;
21 J;;;ALTO PARANA;Ciudad del Este;;"Com.Viv.Ñamopua Py-Sector I Jardín del Este
 Com.V";FONAVIS;7;LIC. MARIA MERCEDES ENRIQUEZ ARANDA;En Ejecución;;;;;4;;;;;;;;;;;
21 J;7172824;734208;ALTO PARANA;Presidente Franco;Presidente Franco;Asentamiento San Jorge y Pindu;FOCEM;100;I.A.S.A.;Culminado;;;;29/07/11;;;;;;;;;;;;
21 J;7188233;738374;ALTO PARANA;Hernandarias;Hernandarias;Asentamiento Jesús de Praga;FOCEM;169;Ing. Hugo Patiño;Culminado;;;;29/07/11;;;;;;;;;;;;
21 J;7187313;675544;ALTO PARANA;Sin Nombre;J.L.Mallorquín;Juan L. Mallorquín;Vya Renda;10;Constructora El Progreso;Culminado;;007/09;;25/03/10;;;;;;;;;;;;
21 J;;;ALTO PARANA;Presidente Franco;Presidente Franco;Presidente Franco;Vya Renda;10;JEV S.R.L.;Culminado;;007/09;;19/03/10;;;;;;;;;;;;
;;;ALTO PARANA;Minga Pora;Minga Porá;Minga Porá;Vya Renda;10;Constructora El progreso;Culminado;;007/09;;25/03/10;;;;;;;;;;;;
;;;ALTO PARANA;Juan E. O'Leary;Juan E.O'leary;Juan E.O'leary;Vya Renda;10;Arq. Juan Bautista Godoy Amor;Culminado;;007/09;;22/03/10;;;;;;;;;;;;
21 K;7503066;626147;AMAMBAY;Pedro Juan Caballero;Pedro Juan Caballero;Pedro Juan Caballero;Vya Renda;100;MULTIOBRA S.R.L.;En Ejecución;;018/12;;;;;;;;;;;;;;
21 K;7503919;627800;AMAMBAY;Pedro Juan Caballero;Pedro Juan Caballero;Asent.Vice Pte Sánchez;FOCEM;116;MMSA EMPRESA CONSTRUCTORA.---;En Ejecución;;001/11;;;;;;;;;;;;;;
;;;AMAMBAY;Capitan Bado;Capitan Bado;Asent. B° Sto. Domingo;FOCEM;0;IASA;En Ejecución;;001/11;;;;;;;;;;;;;;
21J;7202984;445064;ASUNCION;Asuncion;Asunción;Edificio Departamentos CIT;Viviendas Económicas;12;LEZCANO SANCHEZ ALFREDO;Culminado;;002/11;17/08/10;28/08/12;;;;;;;;;;;;
;;;BOQUERON;Neuland;;Paraiso 2° Fase;FONAVIS;40;ASOCIACION HABITAT PARA LA HUMANIDAD - PARAGUAY;En Ejecución;;;20/11/12;;4;;;;;;;;;;;
;;;BOQUERON;Mcal. Estigarribia;Mcal estigarribia;Casuarina I (Nivacle);FONAVIS;46;CEDES / HABITAT;En Ejecución;;;20/11/12;;4;;;;;;;;;;;
21 K;7497906;211537;BOQUERON;Tte.1º Manuel Irala Fernandez;Jerico;Jerico;Pueblos Originarios;30;J.R. Constructora;En Ejecución;;003/11;08/07/11;;;;;;;;;;;;;
20 K;7561286;749509;BOQUERON;Mariscal J. Felix Estigarribia;Mcal Estigarribia;Santa Teresita - Mcal.Estigarribia;Pueblos Originarios;20;J.R. Constructora;En Ejecución;;003/11;08/07/11;;;;;;;;;;;;;
21K;7530394;200974;BOQUERON;Filadelfia;Saint Lowen;Saint Loewen;Pueblos Originarios;20;Imarvest;Culminado;;011/11;24/01/12;25/09/12;;;;;;;;;;;;
21K;7497726;210470;BOQUERON;Tte.1º Manuel Irala Fernandez;Betania;Betania - Yalve Sanga;Pueblos Originarios;21;Imarvest;Culminado;;011/11;24/01/12;25/09/12;;;;;;;;;;;;
21 K;7587528;197059;BOQUERON;Filadelfia;Tunocojai;2 de enero - Tonocojai;Pueblos Originarios;20;Imarvest;Culminado;;011/11;24/01/12;25/09/12;;;;;;;;;;;;
20 K;7707243;611349;BOQUERON;Mariscal J. Felix Estigarribia;Pycasu;Pycasu;Pueblos Originarios;20;Imarvest;Culminado;;011/11;24/01/12;25/09/12;;;;;;;;;;;;
21 K;7497726;210470;BOQUERON;Tte.1º Manuel Irala Fernandez;Yalve Sanga;Yalve Sanga;Pueblos Originarios;23;INDELPA S.R.L.;Culminado;;003/10;07/07/11;23/08/12;;;;;;;;;;;;
;;;BOQUERON;Mariscal J. Felix Estigarribia;;Paraiso;FONAVIS;40;Habitat para la Humanidad;En Ejecución;;;;;4;;;;;;;;;;;
;;;BOQUERON;Mariscal J. Felix Estigarribia;Mcal. Estigarribia;Comunidad Nivacle Casuarina-Campo Grande;FONAVIS;22;CEDES / HABITAT;En Ejecución;;;26/12/13;;4;;;;;;;;;;;
20 K;7471319;793300;BOQUERON;Mariscal J. Felix Estigarribia;;Asent. indigena Nivacle;CHE TAPYI;150;ARQUITECTONICA S.R.L.;En Ejecución;;;;;;;;;;;;;;;;
21 K;7496057;202583;BOQUERON;Loma Plata;;Asent. Indigena ENXET-LENGUA - C.Alegre;CHE TAPYI;150;ING. FERNANDO MORENO MARTINEZ;En Ejecución;;;;;;;;;;;;;;;;
21J;7180170;600957;CAAGUAZU;Caaguazu;;Empaladomi;Viviendas Económicas;100;SOTEC S.A.;Culminado;;003/11;;10/09/12;;;;;;;;;;;;
21J;7183375;558635;CAAGUAZU;Cnel. Oviedo;;Colonia Yovyi - Cnel Oviedo;Viviendas Económicas;100;ING. ROBERTO CHAVEZ.---;Culminado;;003/11;03/10/11;11/01/13;;;;;;;;;;;;
21J;7183695;558756;CAAGUAZU;Cnel. Oviedo;;Colonia Yovyi 2 - Cnel Oviedo;Viviendas Económicas;60;M & M CONSTRUCCIONES;En Ejecución;;019/11;03/08/12;;;;;;;;;;;;;
21 J;7205807;595353;CAAGUAZU;San Joaquin;San Joaquin;San Martin;Pueblos Originarios;144;JR CONSTRUCTORA;Paralizado;;003/11;18/07/11;;;;;;;;;;;;;
21 J;7182545;643396;CAAGUAZU;Dr. J. Eulogio Estigarribia;Nueva Esperanza;Nueva Esperanza;Pueblos Originarios;11;Consorcio Pro Hogar;Paralizado;;003/11;18/07/11;;;;;;;;;;;;;
21 J;7263674;619161;CAAGUAZU;Yacy Kañy;Alikakue;Alikakue;Pueblos Originarios;20;Consorcio Pro Hogar;Paralizado;;003/11;18/07/11;;;;;;;;;;;;;
21J;7213399;559645;CAAGUAZU;Carayao;;Carayao;Vya Renda;25;OSBEN S.R.L.;Culminado;;007/11;30/09/11;;;;;;;;;;;;;
21J;7239553;569056;CAAGUAZU;Santa Rosa del Mbutuy;Santa Rosa del Mbutuy;Santa Rosa del Mbutuy;Vya Renda;62;OSBEN S.R.L.;Paralizado;;020/11;;;;;;;;;;;;;;
21 J;;;CAAGUAZU;Vaqueria;;12 de Octubre;FONAVIS;10;ABOG. VERONICA NATALIA OJEDA CASTELLI;En Ejecución;;;;;4;;;;;;;;;;;
21 J;7213453;640614;CAAGUAZU;Raul Arsenio Oviedo;;Raúl Arsenio Oviedo;Vya Renda;44;ING. ROBERTO CHAVEZ.---;En Ejecución;;004/12;23/10/12;;;;;;;;;;;;;
21J;7191194;599996;CAAGUAZU;Sin Nombre;;Joyvi-Caaguazu;Pueblos Originarios;25;VIGA CONSTRUCCIONES;Paralizado;;009/12;;;;;;;;;;;;;;
21 J;;;CAAGUAZU;San Joaquin;;Cerro Morotí;FONAVIS;22;LIC. MARIA MERCEDES ENRIQUEZ ARANDA;Culminado;;;;;4;;;;;;;;;;;
21 J;7218631;594304;CAAGUAZU;San Joaquin;San Joaquín;Monday mi - San Joaquin;Pueblos Originarios;42;CONSORCIO PRO HOGAR;Paralizado;;002/13;02/01/14;;;;;;;;;;;;;
21 J;7217492;595180;CAAGUAZU;San Joaquin;Campito;Tekojoja Pora - Campito;Pueblos Originarios;18;Consorcio Pro Hogar;Paralizado;;003/11;18/07/11;;;;;;;;;;;;;
21 J;7182545;643396;CAAGUAZU;Dr. J. Eulogio Estigarribia;Nueva esperanza;Nueva Esperanza;Pueblos Originarios;12;ELEMEC;En Ejecución;;011/11;09/02/12;;;;;;;;;;;;;
21 J;;;CAAGUAZU;Raul Arsenio Oviedo;Raul Arsenio Oviedo;Santa Teresa;FONAVIS;20;CEDES / HABITAT;En Ejecución;;;15/01/13;;4;;;;;;;;;;;
21 J;7234257;618730;CAAGUAZU;Vaqueria;;Mbokaja'i;FONAVIS;19;CEDES / HABITAT;En Ejecución;;;;;4;;;;;;;;;;;
21 J;7196330;609478;CAAGUAZU;Yhu;;Arroyo Guazú;FONAVIS;18;LIC. MARIA MERCEDES ENRIQUEZ ARANDA;Culminado;;;;;4;;;;;;;;;;;
;;;CAAGUAZU;Caaguazu;;Ycua Porá;FONAVIS;10;LIC. MARIA MERCEDES ENRIQUEZ ARANDA;Culminado;;;;;4;;;;;;;;;;;
21 J;;;CAAGUAZU;Yhu;Arroyo Guazú;Arroyo Guazú 2 Fase;FONAVIS;25;LIC. MARIA MERCEDES ENRIQUEZ ARANDA;Culminado;;;;;4;;;;;;;;;;;
21 J;;;CAAGUAZU;San Joaquin;Cerro Morotí;Cerro Morotí 2° fase;FONAVIS;16;LIC. MARIA MERCEDES ENRIQUEZ ARANDA;En Ejecución;;;;;4;;;;;;;;;;;
21 J;;;CAAGUAZU;Caaguazu;Juan Manuel Frutos;Comunidad Ind. Punta Porá;FONAVIS;17;LIC. MARIA MERCEDES ENRIQUEZ ARANDA;Culminado;;;;;4;;;;;;;;;;;
21 J;7234257;618730;CAAGUAZU;Vaqueria;;Mbokaja´i 2 fase;FONAVIS;10;CEDES / HABITAT;En Ejecución;;;;;4;;;;;;;;;;;
;;;CAAGUAZU;Mcal. Francisco Solano Lopez;Nueva Toledo;Comunidad Ind. Tekoha Porá;FONAVIS;28;LIC. MARIA MERCEDES ENRIQUEZ ARANDA;En Ejecución;;;;;4;;;;;;;;;;;
21 J;;;CAAGUAZU;Raul Arsenio Oviedo;Raul Arsenio Oviedo;Y'akaretá;FONAVIS;20;CEDES / HABITAT;En Ejecución;;;21/01/13;;4;;;;;;;;;;;
21 J;7180171;600676;CAAGUAZU;Caaguazu;;La Conquista;FONAVIS;25;CESARINA BARRETO DE ENCISO;En Ejecución;;;24/03/14;;4;;;;;;;;;;;
21 J;;;CAAGUAZU;Cnel. Oviedo;Cnel. Oviedo;G.O. San Roque Gonzalez de Santa Cruz;FONAVIS;45;NATANAEL CADOGAN DUARTE;En Ejecución;;;01/07/13;;4;;;;;;;;;;;
21 J;;;CAAGUAZU;Cnel. Oviedo;Asent. La Gloria;La Gloria II;FONAVIS;48;RIGOBERTO  GONZALEZ GIMENEZ;En Ejecución;;;11/02/14;;4;;;;;;;;;;;
21 J;;;CAAGUAZU;Cnel. Oviedo;Cnel. Oviedo;Santa Helena;FONAVIS;25;LIC. MARIA MERCEDES ENRIQUEZ ARANDA;En Ejecución;;;;;4;;;;;;;;;;;
21 J;;;CAAGUAZU;Cnel. Oviedo;Cnel. Oviedo;San Jorge;FONAVIS;50;LIC. MARIA MERCEDES ENRIQUEZ ARANDA;En Ejecución;;;;;4;;;;;;;;;;;
21 J;;;CAAGUAZU;Cnel. Oviedo;;Fortaleza;FONAVIS;14;ABOG. VERONICA NATALIA OJEDA CASTELLI;Culminado;;;;;4;;;;;;;;;;;
21 J;;;CAAGUAZU;Cnel. Oviedo;;Virgen del Carmen;FONAVIS;25;ABOG. VERONICA NATALIA OJEDA CASTELLI;Culminado;;;;;4;;;;;;;;;;;
21 J;;;CAAGUAZU;Cnel. Oviedo;;Com. Sagrado Corazón de Jesús;FONAVIS;29;ABOG. VERONICA NATALIA OJEDA CASTELLI;En Ejecución;;;;;4;;;;;;;;;;;
21 J;;;CAAGUAZU;Repatriacion;;Com. Ind. Ypa'u Señorita;FONAVIS;25;LIC. MARIA MERCEDES ENRIQUEZ ARANDA;En Ejecución;;;;;4;;;;;;;;;;;
21 J;;;CAAGUAZU;Cnel. Oviedo;Asent. la Gloria;La Gloria 1;FONAVIS;30;RIGOBERTO  GONZALEZ GIMENEZ;En Ejecución;;;21/03/14;;4;;;;;;;;;;;
21 J;;;CAAGUAZU;Cnel. Oviedo;;Asentamiento Sol Naciente;FONAVIS;30;RIGOBERTO  GONZALEZ GIMENEZ;En Ejecución;;;;;4;;;;;;;;;;;
21 J;;;CAAGUAZU;Yhu;;Virgen del Rosario;FONAVIS;40;LIC. MARIA MERCEDES ENRIQUEZ ARANDA;En Ejecución;;;;;4;;;;;;;;;;;
21 J;;;CAAGUAZU;San Joaquin;San Joaquín;San Joaquín 1F;FONAVIS;50;LIC. MARIA MERCEDES ENRIQUEZ ARANDA;En Ejecución;;;;;4;;;;;;;;;;;
21 J;;;CAAGUAZU;Vaqueria;;12 de Octubre 2°Fase;FONAVIS;30;ABOG. VERONICA NATALIA OJEDA CASTELLI;Culminado;;;;;4;;;;;;;;;;;
21 J;;;CAAGUAZU;Cnel. Oviedo;;Siempre Verde 2;FONAVIS;23;ACG CONSULTORIA INTEGRAL;En Ejecución;;;;;4;;;;;;;;;;;
21 J;;;CAAGUAZU;Cnel. Oviedo;;6 de Enero Poty;FONAVIS;10;ACG CONSULTORIA INTEGRAL;Culminado;;;;;4;;;;;;;;;;;
21 J;;;CAAGUAZU;Vaqueria;;Asentamiento: 12 de Octubre 3° Fase;FONAVIS;15;ABOG. VERONICA NATALIA OJEDA CASTELLI;En Ejecución;;;;;4;;;;;;;;;;;
21 J;;;CAAGUAZU;Cnel. Oviedo;Cnel. Oviedo;Com. Direct. del Asent. 24 de Julio - San Luis;FONAVIS;80;RIGOBERTO  GONZALEZ GIMENEZ;En Ejecución;;;;;3,4;;;;;;;;;;;
21 J;;;CAAGUAZU;Cnel. Oviedo;;G.O. Territorio Social Villa Elsa;FONAVIS;37;SR. FREDDY DIOSNEL ROLON FIGUEREDO;En Ejecución;;;06/01/14;;4;;;;;;;;;;;
21 J;;;CAAGUAZU;Raul Arsenio Oviedo;;Com. Mby'a Guaraní Y'akareta;FONAVIS;25;CEDES / HABITAT;En Ejecución;;;26/12/13;;4;;;;;;;;;;;
21 J;;;CAAGUAZU;Raul Arsenio Oviedo;Nueva toledo;G.O. Com. Mby'a Guaraní Yvu 2° Fase;FONAVIS;26;CEDES / HABITAT;En Ejecución;;;26/12/13;;4;;;;;;;;;;;
21 J;;;CAAGUAZU;Cnel. Oviedo;Asent. La Gloria;Com. Directiva La Gloria I -  2° Fase;FONAVIS;31;RIGOBERTO  GONZALEZ GIMENEZ;En Ejecución;;;17/02/14;;4;;;;;;;;;;;
21 J;;;CAAGUAZU;Jose Domingo Ocampos;Arsenio Báez;Arsenio Báez;CEPRA;70;Consorcio Canindeyú;En Ejecución;;006/11;;;;;;;;;;;;;;
21 J;;;CAAGUAZU;Raul Arsenio Oviedo;Che Mendá;Che Mendá;CEPRA;60;Consorcio Canindeyú;En Ejecución;;006/11;;;;;;;;;;;;;;
21 J;;;CAAGUAZU;Carayao;Mariano Diaz;Mariano Diaz;CEPRA;42;RNV Hierros S.A.;Paralizado;;006/11;;;;;;;;;;;;;;
21 J;;;CAAGUAZU;Caaguazu;Ñande maitei;Ñande maitei;CEPRA;118;Deposito de Mat. San Cristobal;En Ejecución;;006/11;;;;;;;;;;;;;;
21 J;;;CAAGUAZU;Repatriacion;Juliana Fleitas;Juliana Fleitas;CEPRA;70;Deposito Mat. San Cristobal;Paralizado;;006/11;;;;;;;;;;;;;;
21 J;;;CAAGUAZU;Caaguazu;3 de Mayo;3 de Mayo;CEPRA;113;Central Construcciones;En Ejecución;;006/12;;;;;;;;;;;;;;
21 J;;;CAAGUAZU;Caaguazu;La Esperanza;La Esperanza;CEPRA;12;Deposito San Cristobal;En Ejecución;;006/12;;;;;;;;;;;;;;
21 J;;;CAAGUAZU;Cnel. Oviedo;;Asentamiento Bonanza;FONAVIS;20;RIGOBERTO  GONZALEZ GIMENEZ;En Ejecución;;;24/02/14;;4;;;;;;;;;;;
21 J;;;CAAGUAZU;Repatriacion;;G.O.Com.Vivienda la Paloma I;FONAVIS;24;NATANAEL CADOGAN DUARTE;En Ejecución;;;;;4;;;;;;;;;;;
21 J;;;CAAGUAZU;Cnel. Oviedo;;G.O.Asoc. Mult.p/Des.Integral Común - Yuquyty;FONAVIS;53;COEMPRO S.A.;En Ejecución;;;;;4;;;;;;;;;;;
21 J;;;CAAGUAZU;Cnel. Oviedo;;Asoc.Fun.Coop. Cnel. Oviedo;FONAVIS;16;RIGOBERTO  GONZALEZ GIMENEZ;En Ejecución;;;;;2,3;;;;;;;;;;;
21 J;;;CAAGUAZU;Cnel. Oviedo;;G.O.Com.Dir.Terr.Social Virgen de Fatima;FONAVIS;23;RIGOBERTO  GONZALEZ GIMENEZ;En Ejecución;;;10/03/14;;4;;;;;;;;;;;
21 J;;;CAAGUAZU;Nueva Londres;;G.O.Com.Vec. Nueva Londres;FONAVIS;70;NATANAEL CADOGAN DUARTE;En Ejecución;;;;;4;;;;;;;;;;;
21 J;;;CAAGUAZU;Cnel. Oviedo;;G.O.Asoc.Trab.Medios de Comunic. C.Oviedo;FONAVIS;49;ABOG. VERONICA NATALIA OJEDA CASTELLI;En Ejecución;;;;;4;;;;;;;;;;;
21 J;;;CAAGUAZU;Cnel. Oviedo;;G.O. Fracción Azul;FONAVIS;20;LIC. MARIA MERCEDES ENRIQUEZ ARANDA;En Ejecución;;;;;4;;;;;;;;;;;
21 J;;;CAAGUAZU;Cnel. Oviedo;;G.O.Com.Central de terr.soc.31 de julio 1°F;FONAVIS;40;ACG CONSULTORIA INTEGRAL;En Ejecución;;;02/01/14;;4;;;;;;;;;;;
21 J;;;CAAGUAZU;Cnel. Oviedo;;G.O.Com.Central de terr.soc.31 de julio 2°F;FONAVIS;35;ACG CONSULTORIA INTEGRAL;En Ejecución;;;13/02/14;;4;;;;;;;;;;;
21 J;;;CAAGUAZU;Cnel. Oviedo;Arroyo Guazú;G.O.Com.Pro. Viv. San Roque - Arroyo guazú;FONAVIS;52;RUBEN DARIO RAMIREZ SOSA;En Ejecución;;;;;F;;;;;;;;;;;
21 J;;;CAAGUAZU;Cnel. Oviedo;Asentamiento Caraguatay - mi;G.O.Com.Dir.Territorio Social Caraguatay-mí;FONAVIS;20;RIGOBERTO  GONZALEZ GIMENEZ;En Ejecución;;;10/03/14;;4;;;;;;;;;;;
21 J;;;CAAGUAZU;Cnel. Oviedo;Cnel. Oviedo;G.O. Com.Dir. Territorio Social San Jorge;FONAVIS;58;LIC. MARIA MERCEDES ENRIQUEZ ARANDA;En Ejecución;;;;;4;;;;;;;;;;;
21 J;;;CAAGUAZU;San Joaquin;San Joaquín;G.O.Com.Pro Viv. San Joaquín 2F;FONAVIS;24;LIC. MARIA MERCEDES ENRIQUEZ ARANDA;En Ejecución;;;;;4;;;;;;;;;;;
21 J;;;CAAGUAZU;Caaguazu;3 de Mayo;3 de Mayo;CEPRA;0;Ferretería Campo Grande;En Ejecución;;006/12;;;;;;;;;;;;;;
;;;CAAGUAZU;Caaguazu;3 de Mayo;3 de Mayo;CEPRA;0;MH Emprendimientos;En Ejecución;;006/12;;;;;;;;;;;;;;
21 J;;;CAAGUAZU;Caaguazu;La Esperanza;La Esperanza;CEPRA;0;Central Construcciones;En Ejecución;;006/12;;;;;;;;;;;;;;
21 J;;;CAAGUAZU;Caaguazu;La Esperanza;La Esperanza;CEPRA;0;Ferretería Campo Grande;En Ejecución;;006/12;;;;;;;;;;;;;;
21 J;;;CAAGUAZU;Caaguazu;La Esperanza;La Esperanza;CEPRA;0;MH Emprendimientos;En Ejecución;;006/12;;;;;;;;;;;;;;
21 J;;;CAAGUAZU;Jose Domingo Ocampos;Arsenio Báez;Arsenio Báez;CEPRA;0;RNV Hierros;En Ejecución;;006/11;;;;;;;;;;;;;;
21 J;;;CAAGUAZU;Jose Domingo Ocampos;Arsenio Báez;Arsenio Báez;CEPRA;0;Construcciones Integral;En Ejecución;;006/11;;;;;;;;;;;;;;
21 J;;;CAAGUAZU;Raul Arsenio Oviedo;Che mendá;Che Mendá;CEPRA;0;RNV Hierros S.A.;En Ejecución;;006/11;;;;;;;;;;;;;;
21 J;;;CAAGUAZU;Raul Arsenio Oviedo;Che Mendá;Che Mendá;CEPRA;0;Construcciones Integral;En Ejecución;;006/11;;;;;;;;;;;;;;
21J;;;CAAGUAZU;Raul Arsenio Oviedo;Che Mendá;Che Mendá;CEPRA;0;Consorcio Tenonde Meta;En Ejecución;;006/11;;;;;;;;;;;;;;
21 J;;;CAAGUAZU;Repatriacion;Juliana Fleitas;Juliana Fleitas;CEPRA;0;RNV Hierros S.A.;Paralizado;;006/11;;;;;;;;;;;;;;
21 J;;;CAAGUAZU;Repatriacion;Juliana Fleitas;Juliana Fleitas;CEPRA;0;Consorcio Canindeyú;Paralizado;;006/11;;;;;;;;;;;;;;
21 J;;;CAAGUAZU;Repatriacion;Juliana Fleitas;Juliana Fleitas;CEPRA;0;Construcciones Integral;Paralizado;;006/11;;;;;;;;;;;;;;
21 J;;;CAAGUAZU;Repatriacion;Juliana Fleitas;Juliana Fleitas;CEPRA;0;Consorcio Tenonde Meta;Paralizado;;006/11;;;;;;;;;;;;;;
21 J;;;CAAGUAZU;Carayao;Mariano Diaz;Mariano Diaz;CEPRA;0;Consorcio Canindeyú;Paralizado;;006/11;;;;;;;;;;;;;;
21 J;;;CAAGUAZU;Carayao;Mariano Diaz;Mariano Diaz;CEPRA;0;Construcciones Integral;Paralizado;;006/11;;;;;;;;;;;;;;
21 J;;;CAAGUAZU;Caaguazu;Ñande Maitei;Ñande Maitei;CEPRA;0;Consorcio Canindeyú;En Ejecución;;006/11;;;;;;;;;;;;;;
21 J;;;CAAGUAZU;Caaguazu;Ñande maitei;Ñande Maitei;CEPRA;0;Construcciones Integral;En Ejecución;;006/11;;;;;;;;;;;;;;
21 J;;;CAAGUAZU;Caaguazu;Ñande maitei;Ñande Maitei;CEPRA;0;Consorcio Tenende Meta;En Ejecución;;006/11;;;;;;;;;;;;;;
21 J;;;CAAGUAZU;Caaguazu;Ñande Maitei;Ñande Maitei;CEPRA;0;Ferretería Campo Grande;En Ejecución;;006/11;;;;;;;;;;;;;;
21 J;;;CAAGUAZU;Caaguazu;Ñande maitei;Ñande Maitei;CEPRA;0;RNV Hierros S.A.;En Ejecución;;006/11;;;;;;;;;;;;;;
;;;CAAGUAZU;Repatriacion;Koe Pyahu;Koe Pyahu;CEPRA;70;Deposito Mat. San Cristobal;Culminado;;001/10;;;;;;;;;;;;;;
;;;CAAGUAZU;Repatriacion;KOe Pyahu;Koe Pyahu;CEPRA;0;Sauce Construcciones;Culminado;;001/10;;;;;;;;;;;;;;
;;;CAAGUAZU;Cnel. Oviedo;Cnel Oviedo;Com. Sagrado Corazón de Jesús 2°F;FONAVIS;15;ABOG. VERONICA NATALIA OJEDA CASTELLI;En Ejecución;;;;;4;;;;;;;;;;;
21 J;;;CAAGUAZU;Cnel. Oviedo;Villa Azucena;Villa Azucena;FONAVIS;0;LIC. MARIA MERCEDES ENRIQUEZ ARANDA;En Ejecución;;;;;;;;;;;;;;;;
;;;CAAGUAZU;Caaguazu;Caaguazú;Caaguazú;Vya Renda;10;Arq. Juan Bautista Godoy Amor;Culminado;;;;22/03/14;;;;;;;;;;;;
;;;CAAGUAZU;Cnel. Oviedo;Asent. Nueva Esperanza;Fomento Urbano Nueva Esperanza;FONAVIS;40;ARQ. REBECA ZELAYA GONZALEZ;En Ejecución;;;09/09/14;;4;;;;;;;;;;;
21 J;7130091;621417;CAAZAPA;Abai;Cesina;Tekoyoya Pyahu - Cesina;Pueblos Originarios;14;ELEMEC;En Ejecución;;011/11;09/02/12;;;;;;;;;;;;;
21J;7100123;563316;CAAZAPA;Caazapa;;Caazapá;Vya Renda;50;CONSORCIO CAAZAPA;Paralizado;;018/11;;;;;;;;;;;;;;
21 J;7128219;613325;CAAZAPA;Abai;;Cerrito-Abai;Pueblos Originarios;20;GER.COM;En Ejecución;;015/12;07/05/13;;;;;;;;;;;;;
21 J;7100057;563253;CAAZAPA;Caazapa;;Caazapa;Vya Renda;50;CONSORCIO GENERAL MORINIGO;En Ejecución;;011/12;;;;;;;;;;;;;;
21 J;7130091;621417;CAAZAPA;Abai;Cesina;Tekojoja puahu - Cesina;Pueblos Originarios;18;Consorcio Pro Hogar;Paralizado;;003/11;18/07/11;;;;;;;;;;;;;
21 J;;;CAAZAPA;Caazapa;;Pbro. Adolfo Zaracho Cabral;FONAVIS;40;CESARINA BARRETO DE ENCISO;Culminado;;;;;4;;;;;;;;;;;
21 J;;;CAAZAPA;Caazapa;Caazapá;San Rafael;FONAVIS;9;CESARINA BARRETO DE ENCISO;En Ejecución;;;;;4;;;;;;;;;;;
21 J;;;CAAZAPA;San Juan Nepomuceno;;8 de Diciembre;FONAVIS;45;LIC. MARIA MERCEDES ENRIQUEZ ARANDA;En Ejecución;;;;;4;;;;;;;;;;;
21 J;;;CAAZAPA;Caazapa;Caazapá;G.O.Com.Vec.Pro Casa Santa Librada;FONAVIS;28;RIGOBERTO  GONZALEZ GIMENEZ;En Ejecución;;;;;4;;;;;;;;;;;
21 J;;;CAAZAPA;Abai;Oro Cuí;Oro Cuí;CEPRA;70;RNV Hierros S.A.;En Ejecución;;008/11;;;;;;;;;;;;;;
21 J;;;CAAZAPA;San Juan Nepomuceno;11 de Mayo;11 de Mayo;CEPRA;100;Construcción Integral;Paralizado;;008/11;;;;;;;;;;;;;;
21 J;7110538;665421;CAAZAPA;San Juan Nepomuceno;;Asent. Tava Yoayu Renda;CHE TAPYI;107;ING. ALEJANDRO RAUL PEREZ HERAS;En Ejecución;;001/14;;;;;;;;;;;;;;
;;;CAAZAPA;San Juan Nepomuceno;11 de Mayo;11 de mayo;CEPRA;0;Ceport S.R.L.;Paralizado;;008/11;;;;;;;;;;;;;;
;;;CAAZAPA;San Juan Nepomuceno;11 de Mayo;11 de mayo;CEPRA;0;Consorcio Canindeyú;Paralizado;;008/11;;;;;;;;;;;;;;
;;;CAAZAPA;San Juan Nepomuceno;Britez Cué;Britez Cué II;CEPRA;0;MH Emprendimientos;Paralizado;;007/12;;;;;;;;;;;;;;
;;;CAAZAPA;San Juan Nepomuceno;San Luis;San Luis;CEPRA;0;Ferretería Chaco Sur;Paralizado;;007/12;;;;;;;;;;;;;;
;;;CAAZAPA;San Juan Nepomuceno;11 de Mayo;11 de Mayo;CEPRA;0;RNV Hierros S.A.;Paralizado;;008/11;;;;;;;;;;;;;;
21 J;;;CAAZAPA;Abai;Oro Cui;Oro Cui;CEPRA;0;Consorcio Canindeyú;En Ejecución;;008/11;;;;;;;;;;;;;;
21 J;;;CAAZAPA;Abai;Oro Cui;Oro Cui;CEPRA;0;Construcciones Integral;En Ejecución;;008/11;;;;;;;;;;;;;;
21j;7284256;624665;CANINDEYU;Curuguaty;;Tekojoja;Pueblos Originarios;70;GRUPO V.P. S.A.;Paralizado;;003/11;17/06/11;;;;;;;;;;;;;
21 J;7315414;680820;CANINDEYU;Curuguaty;;Koe Puahu Poty;Pueblos Originarios;7;ELEMEC S.R.L.;Paralizado;;011/11;09/02/12;;;;;;;;;;;;;
21 J;7283828;610028;CANINDEYU;Yacy Kañy;Yby Miri;Ybyý Miri - Yasy cañy;Pueblos Originarios;20;J.N. COMERCIAL E INDUSTRIA;Paralizado;;005/12;17/09/12;;;;;;;;;;;;;
21 J;7333751;641131;CANINDEYU;Villa Ygatimi;Villa Ygatimi;Ita Poty - Villa Ygatimi;Pueblos Originarios;32;J.N. COMERCIAL E INDUSTRIA;Paralizado;;005/12;17/09/12;;;;;;;;;;;;;
21 J;7313423;640117;CANINDEYU;Curuguaty;;Mytuy Curuguaty;Pueblos Originarios;20;J.N. COMERCIAL E INDUSTRIA;Paralizado;;005/12;17/09/12;;;;;;;;;;;;;
21 J;7284665;624840;CANINDEYU;Yacy Kañy;; Vy'a renda- Yasy Kañy Lote 7;Pueblos Originarios;22;J.N. COMERCIAL E INDUSTRIA;Paralizado;;005/12;17/09/12;;;;;;;;;;;;;
21 J;7298076;631075;CANINDEYU;Curuguaty;;La Fortuna B° Cordillera - Lote 5;Pueblos Originarios;20;GER.COM;En Ejecución;;015/12;07/05/13;;;;;;;;;;;;;
21 J;7299937;628409;CANINDEYU;Curuguaty;;La Fortuna 12 de Junio - Lote 6;Pueblos Originarios;15;GER.COM;En Ejecución;;015/12;07/05/13;;;;;;;;;;;;;
21 J;7302200;641075;CANINDEYU;Curuguaty;Yhovy;Yhovy;Pueblos Originarios;6;GER.COM;En Ejecución;;015/12;07/05/13;;;;;;;;;;;;;
21 J;7308152;641719;CANINDEYU;Curuguaty;;Primero de Marzo;Pueblos Originarios;12;GER.COM;En Ejecución;;015/12;;;;;;;;;;;;;;
21 J;7316598;634939;CANINDEYU;Curuguaty;Paso Real;Paso Real;Pueblos Originarios;18;Consorcio Pro Hogar;Paralizado;;003/11;18/07/11;;;;;;;;;;;;;
21 J;7316775;675771;CANINDEYU;Corpus Christi;;Koe Puahu;Pueblos Originarios;17;ELEMEC S.R.L.;Paralizado;;011/11;09/02/12;;;;;;;;;;;;;
21J;7322774;635933;CANINDEYU;Ypejhu;;Ka´aguy Poty  -Ypehu;Pueblos Originarios;70;GRUPO V.P. S.A.;Paralizado;;003/11;08/07/11;;;;;;;;;;;;;
21J;7300000;601689;CANINDEYU;Yacy Kañy;Caninde;Caninde;Pueblos Originarios;70;GRUPO V.P. S.A.;Paralizado;;003/11;08/07/11;;;;;;;;;;;;;
21j;7284256;624665;CANINDEYU;Yacy Kañy;Yovuy;Yovuy;Pueblos Originarios;70;GRUPO V.P. S.A.;Paralizado;;003/11;08/07/11;;;;;;;;;;;;;
21 J;;;CANINDEYU;Curuguaty;;Docentes y Enfermeros;FONAVIS;18;ASOCIACION TEKOVERA;Culminado;;;;;2,3,4;;;;;;;;;;;
21 J;;;CANINDEYU;Curuguaty;;Docentes y Enfermeros 2° Fase;FONAVIS;5;ASOCIACION TEKOVERA;En Ejecución;;;;;3,4;;;;;;;;;;;
21 J;;;CANINDEYU;Corpus Christi;Britez Cué;Britez Cué II;CEPRA;83;Central Construcciones;Paralizado;;007/12;;;;;;;;;;;;;;
21 J;;;CANINDEYU;Corpus Christi;Agua Blanca;Agua Blanca 2° Fase;CEPRA;39;Consorcio Caazapá;En Ejecución;;012/11;;;;;;;;;;;;;;
21 J;;;CANINDEYU;Villa Ygatimi;Villa Ygatimi;San Luis;CEPRA;11;Central Construcciones;En Ejecución;;007/12;;;;;;;;;;;;;;
21 J;7327116;736318;CANINDEYU;Sin Nombre;;Asentamiento Juan Pablo II;CHE TAPYI;135;M Y M INGENIERIA Y ARQUITECTURA S.R.L.;En Ejecución;;001/14;;;;;;;;;;;;;;
21 J;;;CANINDEYU;Corpus Christi;Britez Cué;Britez Cué II;CEPRA;0;Ferretería Chaco Sur;Paralizado;;007/12;;;;;;;;;;;;;;
;;;CANINDEYU;Corpus Christi;Britez Cué;Britez Cué II;CEPRA;0;Deposito Mat. San Cristobal;Paralizado;;007/12;;;;;;;;;;;;;;
;;;CANINDEYU;Villa Ygatimi;San Luis;San Luis;CEPRA;0;MH Emprendimientos;En Ejecución;;007/12;;;;;;;;;;;;;;
21 J;;;CANINDEYU;Corpus Christi;Agua Blanca;Agua Blanca 2 Fase;CEPRA;0;AGF Constructora;En Ejecución;;012/11;;;;;;;;;;;;;;
;;;CANINDEYU;Corpus Christi;Agua Blanca;Agua Blanca;CEPRA;47;Sauce Construcciones;Culminado;;002/10;;;;;;;;;;;;;;
;;;CANINDEYU;Corpus Christi;Agua Blanca;Agua Blanca;CEPRA;0;Deposito Mat.  San Cristobal;Culminado;;002/10;;;;;;;;;;;;;;
;;;CANINDEYU;Nueva Esperanza;Cerro Azul;Cerro Azul;CEPRA;55;Sauce Construcciones;Culminado;;006/09;;;;;;;;;;;;;;
;;;CANINDEYU;Nueva Esperanza;Cerro Azul;Cerro Azul;CEPRA;0;Servisan;Culminado;;006/09;;;;;;;;;;;;;;
;;;CANINDEYU;Nueva Esperanza;Cerro Azul;Cerro Azul;CEPRA;0;Deposito Mat. San Cristobal;Culminado;;006/09;;;;;;;;;;;;;;
;;;CANINDEYU;Curuguaty;Santa Catalina;Santa Catalina;CEPRA;62;Sauce Construcciones;Culminado;;006/09;;;;;;;;;;;;;;
;;;CANINDEYU;Curuguaty;Santa catalina;Santa Catalina;CEPRA;0;Servisan;Culminado;;006/09;;;;;;;;;;;;;;
;;;CANINDEYU;Curuguaty;Santa catalina;Santa Catalina;CEPRA;0;Deposito mat. San Cristobal;Culminado;;006/09;;;;;;;;;;;;;;
;;;CANINDEYU;Villa Ygatimi;Ygatimi;1 de Mayo;CEPRA;0;Sauce Construcciones;Culminado;;006/09;;;;;;;;;;;;;;
;;;CANINDEYU;Villa Ygatimi;1 de mayo;1 de Mayo;CEPRA;0;Servisan;Culminado;;006/09;;;;;;;;;;;;;;
;;;CANINDEYU;Villa Ygatimi;1 de Mayo;1 de Mayo;CEPRA;0;Deposito de Mat. San Cristobal;Culminado;;006/09;;;;;;;;;;;;;;
;;;CANINDEYU;Corpus Christi;16 de Agosto;16 de Agosto;CEPRA;0;Sauce Construcciones;Culminado;;006/09;;;;;;;;;;;;;;
;;;CANINDEYU;Corpus Christi;16 de Agosto;16 de Agosto;CEPRA;0;Servisan;Culminado;;006/09;;;;;;;;;;;;;;
;;;CANINDEYU;Corpus Christi;16 de Agosto;16 de Agosto;CEPRA;0;Deposito de Mat. San Cristobal;Culminado;;006/09;;;;;;;;;;;;;;
;;;CANINDEYU;Corpus Christi;Britez Cué;Britez Cué;CEPRA;56;Sauce Construcciones;Culminado;;006/09;;;;;;;;;;;;;;
;;;CANINDEYU;Corpus Christi;Britez Cué;Britez Cué;CEPRA;0;Servisan;Culminado;;006/09;;;;;;;;;;;;;;
;;;CANINDEYU;Corpus Christi;Britez Cué;Britez Cué;CEPRA;0;Deposito de Mat. San Cristobal;Culminado;;006/09;;;;;;;;;;;;;;
21J;7189843;442990;CENTRAL;San Antonio;San Antonio;Duplex La Merced;Viviendas Económicas;7;ING. GUSTAVO FRUTOS;Paralizado;;006/10;01/08/11;;;;;;;;;;;;;
21j;7183482;461984;CENTRAL;Ita;Itá;Ita - B° Caaguazú;Viviendas Económicas;22;C3 INGENIERIA S.A.;Paralizado;;004/10;17/05/11;;;;;;;;;;;;;
21J;7190018;441653;CENTRAL;San Antonio;San Antonio;Duplex Las Garzas;Viviendas Económicas;10;INDELPA S.R.L.;Culminado;;005/10;15/05/11;06/08/12;;;;;;;;;;;;
21J;7195633;439804;CENTRAL;Lambare;Lambaré;Duplex Lambare;Viviendas Económicas;30;CALDETEC INGENIERIA S.R.L.;Culminado;;014/11;;;;;;;;;;;;;;
21J;7215046;446586;CENTRAL;Mariano Roque Alonso;Mariano Roque Alonso;Duplex M.R. Alonso;Viviendas Económicas;30;ING. ENRIQUE PARISI;En Ejecución;;014/11;02/02/12;;;;;;;;;;;;;
21J;7188880;445921;CENTRAL;Ñemby;Ñemby;Duplex Ñemby;Viviendas Económicas;30;CONSTRUCTORA PEREIRA THALMANN;Paralizado;;014/11;;;;;;;;;;;;;;
21J;7194553;454590;CENTRAL;Capiata;Capiatá;Duplex Capiatá;Viviendas Económicas;30;ABBATE & ASOCIADOS CONSTRUCTORA;Culminado;;014/11;;;;;;;;;;;;;;
21 J;7203934;450581;CENTRAL;Luque;Luque;Edificio de Departamentos Luque;Viviendas Económicas;14;TRAZO S.R.L.;Rescindido;;002/10;12/11/10;;;;;;;;;;;;;
21 J;7196815;458776;CENTRAL;Aregua;Areguá;Aregua Pindolo;Viviendas Económicas;64;HUGO A. SANABRIA L.---;Culminado;;005/09;;;;;;;;;;;;;;
21j;7190309;443248;CENTRAL;San Antonio;San Antonio;Villa Adelaida - San Antonio;Vya Renda;12;MARRAING;Rescindido;;007/11;;;;;;;;;;;;;;
21 J;7185298;454887;CENTRAL;J. Augusto Saldivar;J. Augusto Saldivar;Posta Leiva;Vya Renda;8;ING. ENRIQUE PARISI;Culminado;;003/10;;01/11/12;;;;;;;;;;;;
21J;7200123;457580;CENTRAL;Aregua;Aregua;Villa Amparo y San Salvador;Vya Renda;20;CONSTRUCCIONES REBECA;Culminado;;1018/11;;12/10/12;;;;;;;;;;;;
21J;7217945;451233;CENTRAL;Limpio;Limpio;Limpio;Vya Renda;60;CONSTRUCCIONES T AI;En Ejecución;;013/11;;;;;;;;;;;;;;
21 J;7200085;459013;CENTRAL;Aregua;;Renacer -  Costa Fleitas - Areguá;Vya Renda;90;INGENIERIA  APLICADA S.A.;Paralizado;;020/11;;;;;;;;;;;;;;
21J;7193175;443649;CENTRAL;Ñemby;Ñemby;Villa Helena - Ñemby;Vya Renda;28;INGENIERO CARLOS UGHELLI;Paralizado;;020/11;;;;;;;;;;;;;;
21 J;7196940;458925;CENTRAL;Aregua;Areguá;Aregua Pindolo;Viviendas Económicas;47;Ing. Gustavo Frutos;Culminado;;005/09;27/06/10;;;;;;;;;;;;;
;;;CENTRAL;Mariano Roque Alonso;;Expo Ciudad;FONAVIS;10;IPP INGENIERIA Y PROYECTOS PARAGUAY;Culminado;;;;;4;;;;;;;;;;;
;;;CENTRAL;Capiata;;Paso de Oro;FONAVIS;10;CESARINA BARRETO DE ENCISO;En Ejecución;;;;;4;;;;;;;;;;;
;;;CENTRAL;San Antonio;San Antonio;San Rafael II;FONAVIS;36;EMPRENDIMIENTOS INMOBILIARIOS;Paralizado;;;;;4;;;;;;;;;;;
21 j;;;CENTRAL;J. Augusto Saldivar;J.A.Saldivar;Cooperativa 8 de marzo;FONAVIS;20;C CONSULTORES;Culminado;;;;;2,3;;;;;;;;;;;
21 J;7197065;459043;CENTRAL;Aregua;Areguá;Aregua Pindolo;Viviendas Económicas;49;M&T S.A.;Culminado;;005/09;;22/12/10;;;;;;;;;;;;
21J;7215115;446608;CENTRAL;Mariano Roque Alonso;Mariano Roque Alonso;M.R. Alonso;Viviendas Económicas;60;CONSTRUCTORA TECNICA PARAGUAYA S.R.L. - COTEP S.R.L.;Paralizado;;019/11;09/07/12;;;;;;;;;;;;;
21J;7209548;452066;CENTRAL;Luque;Luque;Mora Cue - Luque;Viviendas Económicas;60;CONSORCIO ARQ. CELSO MORENO-ING. FERNANDO MORENO;Paralizado;;019/11;27/06/13;;;;;;;;;;;;;
21J;7220793;450817;CENTRAL;Limpio;Limpio;Rincón del Peñón;Viviendas Económicas;60;CONSORCIO PC;Paralizado;;019/11;26/07/12;;;;;;;;;;;;;
21 J;7190839;443106;CENTRAL;San Antonio;San Antonio;Andrea Flor;Vya Renda;20;CONSTRUCCIONES T AI;En Ejecución;;002/12;;;;;;;;;;;;;;
21 J;7198071;456325;CENTRAL;Capiata;Capiatá;Sueño y Esperanza-Capiata;Vya Renda;20;J.N. COMERCIAL E INDUSTRIA;Paralizado;;004/12;30/01/13;;;;;;;;;;;;;
21 J;7220936;452456;CENTRAL;Limpio;Limpio;Nueva Esperanza-Limpio;Vya Renda;148;MMSA EMPRESA CONSTRUCTORA.---;Culminado;;012/12;13/12/12;;;;;;;;;;;;;
21 J;;;CENTRAL;Limpio;Limpio;Bloque 2-Limpio;Viviendas Económicas;8;MULTIOBRA S.R.L.;En Ejecución;;017/12;;;;;;;;;;;;;;
21 J;7203934;450581;CENTRAL;Luque;Luque;Edificio Luque-Terminación;Viviendas Económicas;14;ING. JULIO ANTONIO GALIANO MORAN;Paralizado;;013/12;;;;;;;;;;;;;;
21 J;;;CENTRAL;Limpio;Limpio;Bloque 1 -Limpio;Viviendas Económicas;8;HUGO A. SANABRIA L.---;Paralizado;;014/12;;;;;;;;;;;;;;
21 J;7197877;456353;CENTRAL;Capiata;Capiatá;Sueños y Esperanza - Capiata;Vya Renda;25;ALONSO SCHAERER JOSE LUIS;Culminado;;011/12;22/04/13;;;;;;;;;;;;;
21 J;7192231;442752;CENTRAL;Ñemby;Ñemby;Jeroviaha;Vya Renda;18;CONSTRUCTORA PEREIRA THALMANN;En Ejecución;;002/12;17/09/12;;;;;;;;;;;;;
21 J;7191903;442884;CENTRAL;Ñemby;;Maria Auxiliadora;Vya Renda;6;CONSTRUCTORA PEREIRA THALMANN;Paralizado;;002/12;;;;;;;;;;;;;;
21 J;7213784;446775;CENTRAL;Mariano Roque Alonso;Mariano Roque Alonso;Comunidad Maká - MR Alonso;Pueblos Originarios;65;MARGEN CONSTRUCTORA S.A.;Paralizado;;015/12;;;;;;;;;;;;;;
21 J;463148;463148;CENTRAL;Ita;Itá;Ita Carapegua;Viviendas Económicas;43;MM S.A.;Culminado;;005/09;;22/12/10;;;;;;;;;;;;
21 J;452153;7212156;CENTRAL;Limpio;;La Hermosa - limpio;Vya Renda;12;CONSTRUCTORA DIVINO NIÑO JESUS;Paralizado;;004/12;26/07/12;;;;;;;;;;;;;
21 J;7183420;462791;CENTRAL;Ita;Itá;Ita Carapegua;Viviendas Económicas;44;M&T S.A.;Culminado;;005/09;;22/12/10;;;;;;;;;;;;
21 J;7191615;456190;CENTRAL;Capiata;Capiatá;Tierra prometida - Capiatá;Vya Renda;80;ARQ. RAMON A. GAONA;Paralizado;;024/12;24/12/13;;;;;;;;;;;;;
21 J;7183426;462212;CENTRAL;Ita;Itá;Ita Carapegua;Viviendas Económicas;46;Ing. Gustavo Frutos;Culminado;;005/09;;02/12/10;;;;;;;;;;;;
21 J;7210839;451566;CENTRAL;Luque;Luque;Coop. Coosofan;FONCOOP;30;Cooperates;Culminado;;;;;;;;;;;;;;;;
21 J;7190829;456240;CENTRAL;Capiata;Capiatá;Coop. Ña pua hagua  - Capiatá;FONCOOP;38;Area;Culminado;;;;;;;;;;;;;;;;
21 J;7183986;448622;CENTRAL;Ypane;Ypane;Coop. Mi Casita;FONCOOP;40;Camilo Recalde;Culminado;;;;;;;;;;;;;;;;
21 J;7207065;449652;CENTRAL;Luque;Luque;CoopexSanjo;FONCOOP;20;Cotas;Culminado;;;;;;;;;;;;;;;;
21 J;7214283;446372;CENTRAL;Mariano Roque Alonso;Mariano Roque Alonso;Coop. Santa Barbara;FONCOOP;15;Cotas;Culminado;;;;;;;;;;;;;;;;
21 J;;;CENTRAL;J. Augusto Saldivar;;Coop. 8 de Marzo;FONCOOP;40;JL Constructora;Culminado;;;;;;;;;;;;;;;;
21 J;;;CENTRAL;Limpio;Limpio;Coopvidi;FONCOOP;24;Hilse Coronel;Culminado;;;;;;;;;;;;;;;;
21 J;7183403;463117;CENTRAL;Ita;Itá;Ita Carapegua;Viviendas Económicas;0;INDELPA;Culminado;;009/09;;20/09/10;;;;;;;;;;;;
21 J;7196812;458768;CENTRAL;Aregua;Areguá;Aregua Pindolo;Viviendas Económicas;0;M&O S.A.;Culminado;;005/09;;27/01/11;;;;;;;;;;;;
21 J;7189065;444419;CENTRAL;San Antonio;;Ita Poty;FONAVIS;41;CESARINA BARRETO DE ENCISO;En Ejecución;;;07/02/14;;4;;;;;;;;;;;
21 J;7216249;452847;CENTRAL;Limpio;;Coop. Tava Rory Ltda. (Covitava) I;FONCOOP;40;COTAS;Culminado;;;;;;;;;;;;;;;;
21 J;;;CENTRAL;J. Augusto Saldivar;;Coop. Toledo Cañada;FONCOOP;40;JL Consultora;Culminado;;;;;;;;;;;;;;;;
21 J;;;CENTRAL;Ñemby;;Accion Comunitaria;FONAVIS;8;IPP INGENIERIA Y PROYECTOS PARAGUAY;Culminado;;;;;4;;;;;;;;;;;
21 J;7197983;451833;CENTRAL;San Lorenzo;San Lorenzo;San Ramón I;FONAVIS;8;IPP INGENIERIA Y PROYECTOS PARAGUAY;Culminado;;;;;4;;;;;;;;;;;
21 J;;;CENTRAL;San Lorenzo;;Calle 'i;FONAVIS;4;IPP INGENIERIA Y PROYECTOS PARAGUAY;En Ejecución;;;;;4;;;;;;;;;;;
;;;CENTRAL;San Lorenzo;San Lorenzo;San Ramón II;FONAVIS;8;IPP INGENIERIA Y PROYECTOS PARAGUAY;Culminado;;;;;4;;;;;;;;;;;
21 J;7193058;449706;CENTRAL;San Lorenzo;;Ayelen Milagros;FONAVIS;98;CONSORCIO KRIMEA;Paralizado;;;;;4;;;;;;;;;;;
21 J;;;CENTRAL;Villa Elisa;Villa Elisa;18 de Agosto;FONAVIS;10;ARQ. ELVA EUSTAQUIA FIGUEREDO MONTIEL;Culminado;;;;;4;;;;;;;;;;;
;;;CENTRAL;Mariano Roque Alonso;;La Amistad;FONAVIS;10;C CONSULTORES;Culminado;;;22/11/10;;4;;;;;;;;;;;
21 J;;;CENTRAL;Villeta;Villeta;Juan Pablo;FONAVIS;13;C CONSULTORES;Culminado;;;;;4;;;;;;;;;;;
21 J;;;CENTRAL;Villa Elisa;;Acosta Ñú;FONAVIS;8;C CONSULTORES;Culminado;;;;;4;;;;;;;;;;;
;;;CENTRAL;Ñemby;Ñemby;San Miguel;FONAVIS;10;C CONSULTORES;En Ejecución;;;;;4;;;;;;;;;;;
;;;CENTRAL;San Lorenzo;;Cooperativa Laurelty;FONAVIS;8;IPP INGENIERIA Y PROYECTOS PARAGUAY;Paralizado;;;;;4;;;;;;;;;;;
21 J;;;CENTRAL;Luque;Luque;Villa San Francisco GHA;FONAVIS;17;MERCEDES GERALDINE GONZALEZ ALFONSO;En Ejecución;;;;;3,4;;;;;;;;;;;
21 J;;;CENTRAL;Luque;;Hogar de Niños;FONAVIS;20;ARQ. DANIELA RECALDE RUIZ DIAZ;En Ejecución;;;;;3,4;;;;;;;;;;;
21 J;;;CENTRAL;Fernando de la Mora;;3 de Febrero;FONAVIS;9;C CONSULTORES;Culminado;;;;;4;;;;;;;;;;;
21 J;7193162;449394;CENTRAL;San Lorenzo;San Lorenzo;Los Gansos - Fenhamera;FONAVIS;10;ARQ. CARLOS CESAR RIVAS MUÑOZ;Paralizado;;;;;4;;;;;;;;;;;
21 J;;;CENTRAL;San Antonio;San Antonio;Asentamiento Santa Librada II;FONAVIS;10;EMPRENDIMIENTOS INMOBILIARIOS;Culminado;;;;;4;;;;;;;;;;;
21 J;;;CENTRAL;Ypane;Ypane;María Auxiliadora;FONAVIS;20;ASOCIACION TEKOVERA;Culminado;;;;;4;;;;;;;;;;;
21 J;;;CENTRAL;Ita;Itá;Cooperativa Jhugua Ñaró;FONAVIS;20;ARQUIDEC S.R.L;Culminado;;;04/03/13;;4;;;;;;;;;;;
21 J;;;CENTRAL;Ita;;G.O.Com.Fom.Viv.y Hab. Curupicaity 1°Fase;FONAVIS;15;ARQUIDEC S.R.L;En Ejecución;;;;;4;;;;;;;;;;;
21 J;;;CENTRAL;Ita;;Caaguazú;FONAVIS;20;ARQUIDEC S.R.L;En Ejecución;;;15/04/13;;4;;;;;;;;;;;
21 J;;;CENTRAL;Villa Elisa;;Acosta Ñú 2° Fase;FONAVIS;5;C CONSULTORES;En Ejecución;;;;;4;;;;;;;;;;;
21 J;;;CENTRAL;Ñemby;Ñemby;San Miguel 2° Fase;FONAVIS;12;C CONSULTORES;En Ejecución;;;;;4;;;;;;;;;;;
21 J;;;CENTRAL;San Antonio;;Andrea Flor;FONAVIS;24;ING. CESAR AUGUSTO RECALDE PRINCIGALLI;En Ejecución;;;;;4;;;;;;;;;;;
21 J;;;CENTRAL;Ñemby;;Paz del Chaco;FONAVIS;12;CEDES / HABITAT;Culminado;;;;;4;;;;;;;;;;;
21 J;;;CENTRAL;Ypane;;Maria Auxiliadora 2° Fase;FONAVIS;29;ASOCIACION TEKOVERA;Culminado;;;;;4;;;;;;;;;;;
21 J;;;CENTRAL;J. Augusto Saldivar;J.A.Saldivar;Sindicato Trabajadores del Mercado 4;FONAVIS;38;ARQ. LILIANA ROJAS VERA;En Ejecución;;;06/01/14;;4;;;;;;;;;;;
21 J;;;CENTRAL;Mariano Roque Alonso;;Expo Ciudad 2° Fase;FONAVIS;16;IPP INGENIERIA Y PROYECTOS PARAGUAY;En Ejecución;;;;;4;;;;;;;;;;;
21 J;;;CENTRAL;San Antonio;;8 de Octubre;FONAVIS;7;CEDES / HABITAT;Culminado;;;;;4;;;;;;;;;;;
21 J;;;CENTRAL;Limpio;;Divino Niño Jesús - Mi casita;FONAVIS;32;LIC. CAMILO ANIBAL ENRIQUE RECALDE DAVALOS;En Ejecución;;;;;4;;;;;;;;;;;
21 J;;;CENTRAL;Limpio;Limpio;G.O. Asent. Espiritu Santo;FONAVIS;30;ARQ. REBECA ZELAYA GONZALEZ;En Ejecución;;;17/03/14;;4;;;;;;;;;;;
21 J;;;CENTRAL;Limpio;Limpio;Com. Vec. Sagrada Familia-Asent. La Victoria;FONAVIS;30;ARQ. REBECA ZELAYA GONZALEZ;En Ejecución;;;17/03/14;;4;;;;;;;;;;;
21 J;;;CENTRAL;Ypane;;Porvenir II;FONAVIS;29;LIC. CAMILO ANIBAL ENRIQUE RECALDE DAVALOS;En Ejecución;;;;;4;;;;;;;;;;;
21 J;;;CENTRAL;Raul Arsenio Oviedo;Raul Arsenio Oviedo;G.O. Comunidad Mbya Guaraní - Santa Teresa;FONAVIS;44;CEDES / HABITAT;En Ejecución;;;26/12/13;;4;;;;;;;;;;;
21 J;;;CENTRAL;Ita;;Coop. Mult. Ahorr. Cred. Prod. Jhugua Ñaró 2° Fase;FONAVIS;5;ARQUIDEC S.R.L;En Ejecución;;;24/08/14;;4;;;;;;;;;;;
21 J;;;CENTRAL;Ita;;Com. Fom. Ur. Cia. Caaguazú 2 Fase;FONAVIS;5;ARQUIDEC S.R.L;En Ejecución;;;;;4;;;;;;;;;;;
21 J;;;CENTRAL;Limpio;;G.O.Coop.de Viv. Ayud.Mutua Mi Casita - T.P. 2F;FONAVIS;35;LIC. CAMILO ANIBAL ENRIQUE RECALDE DAVALOS;En Ejecución;;;;;4;;;;;;;;;;;
21 J;;;CENTRAL;Limpio;Limpio;San Martín;FONAVIS;25;LIC. CAMILO ANIBAL ENRIQUE RECALDE DAVALOS;En Ejecución;;;;;4;;;;;;;;;;;
21 J;;;CENTRAL;Limpio;;G.O.Coop.de Viv. Ayud.Mutua Mi Casita - T.P. 1F;FONAVIS;35;LIC. CAMILO ANIBAL ENRIQUE RECALDE DAVALOS;En Ejecución;;;;;4;;;;;;;;;;;
21 J;;;CENTRAL;Limpio;;Divino Niño Jesús - Mis casita 2° Fase;FONAVIS;32;LIC. CAMILO ANIBAL ENRIQUE RECALDE DAVALOS;En Ejecución;;;;;4;;;;;;;;;;;
21 J;;;CENTRAL;Limpio;;Pojoaju;FONAVIS;10;LIC. CAMILO ANIBAL ENRIQUE RECALDE DAVALOS;En Ejecución;;;;;4;;;;;;;;;;;
21 J;;;CENTRAL;Ypane;;Porvenir 2° Fase;FONAVIS;28;LIC. CAMILO ANIBAL ENRIQUE RECALDE DAVALOS;En Ejecución;;;;;4;;;;;;;;;;;
21 J;;;CENTRAL;Capiata;;Nueva Esperanza 1° Fase;FONAVIS;30;LIC. CAMILO ANIBAL ENRIQUE RECALDE DAVALOS;En Ejecución;;;;;4;;;;;;;;;;;
21J;;;CENTRAL;Capiata;;Nueva Esperanza 2° Fase;FONAVIS;30;LIC. CAMILO ANIBAL ENRIQUE RECALDE DAVALOS;En Ejecución;;;;;4;;;;;;;;;;;
21 J;;;CENTRAL;Capiata;;Nueva Esperanza 3° Fase;FONAVIS;15;LIC. CAMILO ANIBAL ENRIQUE RECALDE DAVALOS;En Ejecución;;;;;4;;;;;;;;;;;
21 J;;;CENTRAL;San Antonio;;G.O.Com.Vec.Pro Vivienda Mercado Cué;FONAVIS;6;ABOG. LINA MERCEDES CORONEL LEGUIZAMON;Culminado;;;;;4;;;;;;;;;;;
21 J;;;CENTRAL;San Antonio;;La Merced;FONAVIS;18;ABOG. LINA MERCEDES CORONEL LEGUIZAMON;En Ejecución;;;;;4;;;;;;;;;;;
21 J;;;CENTRAL;Nueva Italia;;G.O.Coop.de Viv. Ayud.Mutua Mi Casita - S. Expedit;FONAVIS;20;LIC. CAMILO ANIBAL ENRIQUE RECALDE DAVALOS;En Ejecución;;;;;4;;;;;;;;;;;
21 J;;;CENTRAL;Limpio;;G.O.Com.Asent.El Bosque Restaurador 2 - 1° Fase;FONAVIS;25;ABOG. CRISTIAN CESAR TURRINI AYALA;En Ejecución;;;;;4;;;;;;;;;;;
21 J;;;CENTRAL;Limpio;;G.O.Com.Asent.El Bosque Restaurador 2 - 2° Fase;FONAVIS;25;ABOG. CRISTIAN CESAR TURRINI AYALA;En Ejecución;;;;;4;;;;;;;;;;;
21 J;7179820;461900;CENTRAL;Ita;;Asentamiento 30 de Agosto;FOCEM;170;OMG S.A.;Culminado;;;;12/07/11;;;;;;;;;;;;
21 J;7190925;463268;CENTRAL;Itaugua;Itaguá;Mbocayaty del Sur;FOCEM;150;MM S.A.;Culminado;;;;14/12/11;;;;;;;;;;;;
21 J;;;CENTRAL;Itaugua;Itaugua;Coop. Ña pua hagua - Itaguá;FONCOOP;38;AREA;En Ejecución;;;;;;;;;;;;;;;;
21 J;;;CENTRAL;Ypane;;Coop. Nuestra Señora de Luján;FONCOOP;40;COTAS;En Ejecución;;;;;;;;;;;;;;;;
21 J;;;CENTRAL;Limpio;Limpio;Coop. Tava Rory II;FONCOOP;35;COTAS;En Ejecución;;;07/02/14;;;;;;;;;;;;;
21 J;;;CENTRAL;Ita;Itá;G.O.Com.Fom.Ur.Viv.y Hab.San Cayetano;FONAVIS;25;ARQUIDEC S.R.L;En Ejecución;;;;;4;;;;;;;;;;;
21 J;;;CENTRAL;Ita;;G.O.Com.Fom.Ur.Viv.y Hab.Barrio Paranambú;FONAVIS;15;ARQUIDEC S.R.L;En Ejecución;;;;;4;;;;;;;;;;;
21 J;;;CENTRAL;Ypane;Ypané;Com.Pro.Viv.San Pedro y San Pablo;FONAVIS;38;RUBEN DARIO RAMIREZ SOSA;En Ejecución;;;;;4;;;;;;;;;;;
21 J;;;CENTRAL;San Antonio;;Coop.Mult.Ahorr.Cons.Viv. y Serv.Ñapua Hagua;FONAVIS;24;CONSULTORA  AREA;En Ejecución;;;;;4;;;;;;;;;;;
21 J;;;CENTRAL;Limpio;Limpio;G.O. Santo Domingo;FONAVIS;26;CESARINA BARRETO DE ENCISO;En Ejecución;;;06/01/14;;4;;;;;;;;;;;
21 J;;;CENTRAL;Sin Nombre;;Com.Vec.Asent.Dr.G. R. de Francia -Cia. Cañadita;FONAVIS;60;OJETYPEKA;En Ejecución;;;;;4;;;;;;;;;;;
21 J;;;CENTRAL;Limpio;;G.O.Com.Vec.Carmen Soler - Salado;FONAVIS;40;ARQUIDEC S.R.L;En Ejecución;;;;;3,4;;;;;;;;;;;
21 J;;;CENTRAL;Ypane;;G.O. Comite de Mujeres en Accion(Co.Mu.A.);FONAVIS;49;ASOCIACION TEKOVERA;En Ejecución;;;;;4;;;;;;;;;;;
21 J;;;CENTRAL;Limpio;;G.O.Com.Vec.Asent.El Peñón;FONAVIS;24;ARQ. REBECA ZELAYA GONZALEZ;En Ejecución;;;;;4;;;;;;;;;;;
21 J;;;CENTRAL;Limpio;;Divino Niño Jesús II;FONAVIS;20;ARQ. REBECA ZELAYA GONZALEZ;En Ejecución;;;;;4;;;;;;;;;;;
21 J;;;CENTRAL;Ita;;G.O.Com.Fom.Urb.Viv.y Hab.Cia.Calle Ybate 2 etapa;FONAVIS;20;ARQUIDEC S.R.L;En Ejecución;;;;;F;;;;;;;;;;;
21 J;;;CENTRAL;Ita;;Coop. Mult. Ahorr. Cred. Prod. Jhugua Ñaró 3° Fase;FONAVIS;11;ARQUIDEC S.R.L;En Ejecución;;;;;4;;;;;;;;;;;
21 J;;;CENTRAL;Ita;Itá;G.O.Com.Fom.Urb.Viv. y Hab. B. San Antonio 2° fase;FONAVIS;150;ARQUIDEC S.R.L;En Ejecución;;;;;4;;;;;;;;;;;
21 J;;;CENTRAL;Ita;;G.O.Com.Fom.Viv.y Hab. Curupicaity 2°Fase;FONAVIS;13;ARQUIDEC S.R.L;En Ejecución;;;;;4;;;;;;;;;;;
21 J;;;CENTRAL;J. Augusto Saldivar;;G.O.Com.Vec.El Portal - Toledo cañada;FONAVIS;40;ASOCIACION TEKOVERA;En Ejecución;;;05/03/14;;4;;;;;;;;;;;
21 J;;;CENTRAL;San Lorenzo;;Com.Vec.Los Gansos - Pyto Ayelen Milagros;FONAVIS;20;OJETYPEKA;En Ejecución;;;;;3,4;;;;;;;;;;;
21 J;;;CENTRAL;Luque;Luque;Com.Vec.Fom. San Rafael;FONAVIS;30;LIC. MARIA MERCEDES ENRIQUEZ ARANDA;En Ejecución;;;;;4;;;;;;;;;;;
21 J;;;CENTRAL;Mariano Roque Alonso;;Com.Vec.La Aurora - Fomento de Ayuda Mutua;FONAVIS;31;ACG CONSULTORIA INTEGRAL;En Ejecución;;;;;4;;;;;;;;;;;
21 J;;;CENTRAL;Mariano Roque Alonso;;Com.Vec. El Amanecer - Fomento Ayuda Mutua;FONAVIS;190;ACG CONSULTORIA INTEGRAL;En Ejecución;;;;;4;;;;;;;;;;;
21 J;;;CENTRAL;Luque;;Com.Vec.Fom.Oñondivepá;FONAVIS;20;CP OSMAR SALVADOR VERA GAMARRA;En Ejecución;;;;;4;;;;;;;;;;;
21 J;;;CENTRAL;Luque;;Com.Vec.Fom.Guayaibi-ty;FONAVIS;30;LIC. MARIA MERCEDES ENRIQUEZ ARANDA;En Ejecución;;;;;4;;;;;;;;;;;
21 J;;;CENTRAL;San Antonio;San Antonio;Com.Fom.Urb.Asent.12 de Junio;FONAVIS;11;CEDES / HABITAT;En Ejecución;;;22/02/14;;4;;;;;;;;;;;
21 J;;;CENTRAL;Capiata;;Com.Fom.Asent. Don Antonio;FONAVIS;41;CEDES / HABITAT;En Ejecución;;;10/03/14;;4;;;;;;;;;;;
21 J;;;CENTRAL;San Lorenzo;;Com.Vec.Los Gansos - Pyto Sueños y Esperanza;FONAVIS;42;OJETYPEKA;En Ejecución;;;;;3,4;;;;;;;;;;;
21 J;;;CENTRAL;Luque;Luque;Com. Vec. Fom. San Jorge;FONAVIS;20;LIC. MARIA MERCEDES ENRIQUEZ ARANDA;En Ejecución;;;;;4;;;;;;;;;;;
;;;CENTRAL;San Antonio;San Antonio;San Antonio y Caazapá;Vya Renda;21;Consorcio Ytororó;Culminado;;008/09;;19/03/10;;;;;;;;;;;;
21J;7418795;498277;CONCEPCION;Horqueta;Horqueta;Horqueta;Vya Renda;40;CONSORCIO RADECO Y ASOCIADOS;En Ejecución;;020/11;20/02/12;;;;;;;;;;;;;
21K;7413081;454642;CONCEPCION;Concepcion;Concepción;Redencion - Concepción;Vya Renda;25;ALONSO SCHAERER JOSE LUIS;Culminado;;020/11;;05/10/12;;;;;;;;;;;;
21 K;7413417;454557;CONCEPCION;Concepcion;Concepción;Redencion Concepción- Lote 1;Pueblos Originarios;20;CONSTRUCTORA DIVINO NIÑO JESUS;Paralizado;;005/12;14/09/12;;;;;;;;;;;;;
21 K;7540762;470274;CONCEPCION;San Carlos;San Carlos del Apa;San Carlos del Apa;Vya Renda;50;ING. RAMON SIENRA ZAVALA;En Ejecución;;Cont. Excluida;12/10/12;;;;;;;;;;;;;
21 K;7554352;400765;CONCEPCION;San Lazaro;3 Cerros;San Lazaro-3 Cerros-Lote 6;Vya Renda;20;M & M CONSTRUCCIONES;Paralizado;;004/12;;;;;;;;;;;;;;
21 K;7554817;400753;CONCEPCION;San Lazaro;Vallemí;San Lazaro-Vallemi-Lote 5;Vya Renda;20;M & M CONSTRUCCIONES;En Ejecución;;004/12;;;;;;;;;;;;;;
21 J;7460311;549700;CONCEPCION;Yby Yau;Yby Yau;Yby Yau;Pueblos Originarios;20;AVANCE CONSULTORA S.R.L.;En Ejecución;;015/12;22/02/13;;;;;;;;;;;;;
21 K;7409370;456590;CONCEPCION;Concepcion;Concepción;Ex Ciasa - Villa 8 de Diciembre;FONAVIS;20;ARQ. MIRTA CLAUDELINA POISSON DE O' DURNIN;Culminado;;;;;4;;;;;;;;;;;
21 J;7417163;493308;CONCEPCION;Horqueta;;Asent. Maria Auxiliadora bases II y IV;CHE TAPYI;110;INICIATIVAS CONSTRUCTIVAS S.A.;En Ejecución;;001/14;;;;;;;;;;;;;;
21 J;7413904;455497;CONCEPCION;Concepcion;;Asent. Niño Salvador del Mundo;CHE TAPYI;81;PUNTAL CONSTRUCCIONES;En Ejecución;;001/14;;;;;;;;;;;;;;
;;;CONCEPCION;Horqueta;Reconquista;Reconquista;CEPRA;29;Deposito Mat. San Cristobal;Culminado;;001/10;;;;;;;;;;;;;;
;;;CONCEPCION;Horqueta;Reconquista;Reconquista;CEPRA;0;Sauce Construcciones;Culminado;;001/10;;;;;;;;;;;;;;
21 K;7409385;456586;CONCEPCION;Concepcion;Concepción;Concepción;Vya Renda;20;Ing. Ramón Sienra Zavala;Culminado;;007/09;;22/03/10;;;;;;;;;;;;
;;;CONCEPCION;Loreto;Loreto;Loreto;Vya Renda;10;Ing. José Luis Alonso Schaerer;Culminado;;007/09;;22/03/10;;;;;;;;;;;;
21J;7207158;489493;CORDILLERA;Tobati;;Tobati;Vya Renda;30;PUNTAL CONSTRUCCIONES;Culminado;;007/11;;08/02/13;;;;;;;;;;;;
21 J;7203021;470340;CORDILLERA;San Bernardino;San Bernardino;San Miguel-San Bernardino;Vya Renda;20;CONSTRUCTORA DIVINO NIÑO JESUS;Paralizado;;004/12;25/01/13;;;;;;;;;;;;;
21 J;7205775;483432;CORDILLERA;Atyra;Atyrá; La Candelaria-Atyra;Vya Renda;20;K Y V CONSTRUCCIONES;En Ejecución;;004/12;30/01/13;;;;;;;;;;;;;
21 J;;;CORDILLERA;Caacupe;Caacupe;Coop. Reina de la Cordillera;FONCOOP;30;COTAS;Culminado;;;;;;;;;;;;;;;;
21 J;;;CORDILLERA;Altos;;La Esperanza;FONAVIS;10;CONTACONSULT;Culminado;;;;;4;;;;;;;;;;;
21 J;;;CORDILLERA;Caacupe;;Ciudad Nueva;FONAVIS;12;LIC. MARIA MERCEDES ENRIQUEZ ARANDA;En Ejecución;;;;;3;;;;;;;;;;;
21 J;;;CORDILLERA;Arroyos y Esteros;Arroyos y Esteros;San Francisco;FONAVIS;60;ITAPUA S.R.L.;En Ejecución;;;08/01/14;;4;;;;;;;;;;;
21 J;;;CORDILLERA;Atyra;;G.O.Com.Vec.Nucleo Hab. La Candelaria - 1F;FONAVIS;30;LIC. CAMILO ANIBAL ENRIQUE RECALDE DAVALOS;En Ejecución;;;;;4;;;;;;;;;;;
21 J;;;CORDILLERA;Caacupe;;Divino Niño Jesús - Caacupé;FONAVIS;30;ASOCIACION TEKOVERA;En Ejecución;;;;;4;;;;;;;;;;;
21 J;;;CORDILLERA;Altos;;La Esperanza 2° Fase;FONAVIS;10;CONTACONSULT;Culminado;;;;;4;;;;;;;;;;;
21 J;;;CORDILLERA;Nueva Colombia;;Pro-Viviendas Populares;FONAVIS;40;CONTACONSULT;En Ejecución;;;01/03/13;;4;;;;;;;;;;;
21 J;;;CORDILLERA;Altos;;La Esperanza 3° Fase;FONAVIS;40;CONTACONSULT;En Ejecución;;;;;4;;;;;;;;;;;
21 J;;;CORDILLERA;Atyra;;La Candelaria 2° Fase;FONAVIS;30;LIC. CAMILO ANIBAL ENRIQUE RECALDE DAVALOS;En Ejecución;;;;;4;;;;;;;;;;;
21 J;;;CORDILLERA;Juan de Mena;Guido Almada;Guido Almada II;CEPRA;71;Deposito Mat. San Cristobal;Paralizado;;001/11;;;;;;;;;;;;;;
21 J;;;CORDILLERA;Eusebio Ayala;4 de Octubre;4 de Octubre;CEPRA;66;Deposito Mat. San Cristobal;Paralizado;;001/11;;;;;;;;;;;;;;
21 J;;;CORDILLERA;Atyra;Atyrá;San Isidro Labrador 2 Fase;CEPRA;31;San Cristobal;En Ejecución;;008/12;;;;;;;;;;;;;;
21 J;;;CORDILLERA;Atyra;Atyrá;San Roque;CEPRA;32;MH Emprendimientos;En Ejecución;;008/12;;;;;;;;;;;;;;
21 J;;;CORDILLERA;Piribebuy;Ycua Porá;Ycua Porá;CEPRA;54;MH Emprendimientos;En Ejecución;;008/12;;;;;;;;;;;;;;
21 J;;;CORDILLERA;Santa Elena;Santa Helena;Com.Vec.sin Tierra y sin Techo San Jorge;FONAVIS;39;ING. HIDRAULICO BLAS ANTONIO DENIS SALOMON;En Ejecución;;;27/01/14;;4;;;;;;;;;;;
21 J;;;CORDILLERA;Valenzuela;Valenzuela;Com.Habitacional San José;FONAVIS;40;CONTACONSULT;En Ejecución;;;13/01/14;;4;;;;;;;;;;;
21 J;;;CORDILLERA;Caraguatay;Caraguatay;Com.Habitac. San Pedro - Fulgencio Yegros;FONAVIS;74;LIC. MARIA MERCEDES ENRIQUEZ ARANDA;En Ejecución;;;;;4;;;;;;;;;;;
21 J;;;CORDILLERA;Caacupe;;Com.Vec.Caacupé Poty II Asent Isidro Guillen;FONAVIS;40;ITAPUA S.R.L.;En Ejecución;;;;;4;;;;;;;;;;;
21 J;;;CORDILLERA;Atyra;Atyrá;San Isidro Labrador 2 Fase;CEPRA;0;BBO Logistic;En Ejecución;;008/12;;;;;;;;;;;;;;
21 J;;;CORDILLERA;Atyra;Atyrá;San Isidro labrador 2 Fase;CEPRA;0;MH Emprendimientos;En Ejecución;;008/12;;;;;;;;;;;;;;
21 J;;;CORDILLERA;Atyra;Atyrá;San Isidro Labrador 2 Fase;CEPRA;0;Central Construcciones;En Ejecución;;008/12;;;;;;;;;;;;;;
21 J;;;CORDILLERA;Atyra;Atyrá;San Roque;CEPRA;0;BBO Logistics;En Ejecución;;008/12;;;;;;;;;;;;;;
21 J;;;CORDILLERA;Atyra;Atyrá;San Roque;CEPRA;0;Central Construcciones;En Ejecución;;008/12;;;;;;;;;;;;;;
;;;CORDILLERA;Piribebuy;Ycua Porá;Ycua Porá;CEPRA;0;BBO Logistics;En Ejecución;;008/12;;;;;;;;;;;;;;
;;;CORDILLERA;Piribebuy;Ycua Porá;Ycua Porá;CEPRA;0;Central Construcciones;En Ejecución;;;;;;;;;;;;;;;;
21 J;;;CORDILLERA;Juan de Mena;Guido Almada;Guido Almada II;CEPRA;0;Sauce Construcciones;Paralizado;;001/11;;;;;;;;;;;;;;
21 J;;;CORDILLERA;Juan de Mena;Guido Almada;Guido Almada II;CEPRA;0;Deposito San Blas;Paralizado;;001/11;;;;;;;;;;;;;;
21 J;;;CORDILLERA;Eusebio Ayala;4 de Octubre;4 de Octubre;CEPRA;0;Sauce Construcciones;Paralizado;;001/11;;;;;;;;;;;;;;
21 J;;;CORDILLERA;Atyra;15 de Agosto;15 de Agosto;CEPRA;50;Sauce Construcciones;Culminado;;001/11;;;;;;;;;;;;;;
21 J;;;CORDILLERA;Atyra;15 de Agosto;15 de Agosto;CEPRA;0;Ferretería Campo Grande;Culminado;;001/11;;;;;;;;;;;;;;
21 J;;;CORDILLERA;Atyra;San Isidro Labrador;San Isidro Labrador;CEPRA;41;Sauce Construcciones;Culminado;;001/11;;;;;;;;;;;;;;
21 J;;;CORDILLERA;Atyra;San Isidro Labrador;San Isidro Labrador;CEPRA;0;Ferreteria Campo Grande;Culminado;;001/11;;;;;;;;;;;;;;
21J;7145168;557152;GUAIRA;Villarrica;;Villarrica;Viviendas Económicas;100;EMPRENDIMIENTO EMPRESARIALES S.A;Paralizado;;003/11;;;;;;;;;;;;;;
21 J;7167528;573082;GUAIRA;M. J. Troche;M.J.Troche;Troche;Viviendas Económicas;50;LM CONSTRUCCIONES;Rescindido;;003/11;11/10/11;;;;;;;;;;;;;
21J;7116837;551394;GUAIRA;Iturbe;;Iturbe;Viviendas Económicas;50;AGROMAQ INSUMOS Y MAQUINAS;Paralizado;;003/11;;;;;;;;;;;;;;
21J;7154706;559375;GUAIRA;Mbocayaty del Guaira;;Mbocayaty;Vya Renda;30;OSBEN S.R.L.;Culminado;;007/11;30/09/11;;;;;;;;;;;;;
21 J;7141179;538555;GUAIRA;Itape;Itapé;Itape;Vya Renda;40;VARELA CONSTRUCCIONES;Paralizado;;002/12;23/01/13;;;;;;;;;;;;;
21 J;7155981;600281;GUAIRA;Paso Yobai;Arroyo Hu;Arroyo Hu;Pueblos Originarios;20;GER.COM;En Ejecución;;015/12;07/05/13;;;;;;;;;;;;;
21 J;7146775;554573;GUAIRA;Villarrica;;G.O. Sinaí 2;FONAVIS;28;CESARINA BARRETO DE ENCISO;En Ejecución;;;;;4;;;;;;;;;;;
21 J;7146775;554573;GUAIRA;Villarrica;;G.O. Sinaí 3;FONAVIS;12;CESARINA BARRETO DE ENCISO;En Ejecución;;;;;4;;;;;;;;;;;
21 J;7146775;554573;GUAIRA;Villarrica;Villarrica;G.O. Sinaí 1;FONAVIS;28;CESARINA BARRETO DE ENCISO;Culminado;;;06/01/14;;4;;;;;;;;;;;
21 J;;;GUAIRA;M. J. Troche;Mauricio Jose Troche;Nueva Esperanza;CEPRA;42;Ceport S.R.L.;Paralizado;;008/11;;;;;;;;;;;;;;
21 J;;;GUAIRA;Paso Yobai;8 de Diciembre;8 de Diciembre;CEPRA;58;Consorcio Canindeyú;Paralizado;;008/11;;;;;;;;;;;;;;
21 J;;;GUAIRA;Jose Fasardi;;G.O.Com.Vec.Ciudad Nueva de J Fassardi;FONAVIS;48;CESARINA BARRETO DE ENCISO;En Ejecución;;;;;4;;;;;;;;;;;
21 J;;;GUAIRA;M. J. Troche;Mauricio José Troche;Nueva Esperanza;CEPRA;0;Consorcio Canindeyú;En Ejecución;;008/11;;;;;;;;;;;;;;
21J;;;GUAIRA;M. J. Troche;Mauricio José Troche;Nueva Esperanza;CEPRA;0;SG S.R.L.;En Ejecución;;;;;;;;;;;;;;;;
21 J;;;GUAIRA;M. J. Troche;M.J.Troche;Nueva Esperanza;CEPRA;0;Consorcio Tenonde Meta;En Ejecución;;008/11;;;;;;;;;;;;;;
;;;GUAIRA;M. J. Troche;M.J.Troche;Nueva Esperanza;CEPRA;0;Construcciones Integral;En Ejecución;;008/11;;;;;;;;;;;;;;
21 J;;;GUAIRA;M. J. Troche;M.J.Troche;Nueva Esperanza;CEPRA;0;RNV Hierros S.A.;En Ejecución;;008/11;;;;;;;;;;;;;;
21 J;;;GUAIRA;Paso Yobai;8 de Diciembre;8 de Diciembre;CEPRA;0;Ceport S.R.L.;Paralizado;;008/11;;;;;;;;;;;;;;
21 J;;;GUAIRA;Paso Yobai;8 de Diciembre;8 de Diciembre;CEPRA;0;Consorcio Tenonde Meta;Paralizado;;008/11;;;;;;;;;;;;;;
21 J;;;GUAIRA;Paso Yobai;8 de Diciembre;8 de Diciembre;CEPRA;0;Ferreteria El Dorado;Paralizado;;008/11;;;;;;;;;;;;;;
21 J;;;GUAIRA;Paso Yobai;8 de Diciembre;8 de Diciembre;CEPRA;0;RNV Hierros S.A.;Paralizado;;008/11;;;;;;;;;;;;;;
21 J;7083930;726694;ITAPUA;Mayor Julio Otaño;;Mayor Otaño;Vya Renda;50;CONSTRUCTORA K-NITO;Rescindido;;013/11;;;;;;;;;;;;;;
21 J;;;ITAPUA;Encarnacion;Encarnacion;Edificio Don Julio II;FONAVIS;74;IPP INGENIERIA Y PROYECTOS PARAGUAY;En Ejecución;;;;;1,2;;;;;;;;;;;
21 J;6982279;604841;ITAPUA;Encarnacion;Encarnacion;Asent. Col. Sto. Domingo;FOCEM;185;M&T S.A.;En Ejecución;;001/11;;;;;;;;;;;;;;
21 J;;;ITAPUA;Carlos A. Lopez;;Joaju Rekavo;FONAVIS;10;ABOG. VERONICA NATALIA OJEDA CASTELLI;Culminado;;;;;4;;;;;;;;;;;
;;;ITAPUA;Tomas Romero Pereira;;Ñepytyvo Ma. Auxliadora;FONAVIS;10;ABOG. VERONICA NATALIA OJEDA CASTELLI;Culminado;;;;;4;;;;;;;;;;;
21 J;;;ITAPUA;Tomas Romero Pereira;;Ñepytyvo Ma. Auxiliadora 2° Fase;FONAVIS;10;ABOG. VERONICA NATALIA OJEDA CASTELLI;Culminado;;;;;4;;;;;;;;;;;
21 J;;;ITAPUA;Carlos A. Lopez;;Joaju Rekavo 2° Fase;FONAVIS;11;ABOG. VERONICA NATALIA OJEDA CASTELLI;Culminado;;;;;4;;;;;;;;;;;
21 J;;;ITAPUA;Encarnacion;;Coop. Ña Pua Hagua - Perla del Sur I;FONCOOP;40;AREA;En Ejecución;;;;;;;;;;;;;;;;
21 J;;;ITAPUA;Encarnacion;;Coop. Ña Pua Hagua - Perla del Sur II;FONCOOP;40;AREA;En Ejecución;;;;;;;;;;;;;;;;
21 J;7006235;637326;ITAPUA;Obligado;;Asent. Milagros 1;CHE TAPYI;80;ING. JORGE FERNANDO DIAZ LAVIGNE.---;En Ejecución;;001/14;;;;;;;;;;;;;;
21 J;6973208;617868;ITAPUA;Cambyreta;;Asent. Amanecer III;CHE TAPYI;141;;En Proyecto;;001/14;;;;;;;;;;;;;;
21 J;6970801;518583;MISIONES;Ayolas;Ayolas;Divino Niño Jesús II;FONAVIS;23;CESARINA BARRETO DE ENCISO;Culminado;;;;;4;;;;;;;;;;;
21 J;7079353;488750;MISIONES;Villa Florida;;Villa Florida;Vya Renda;41;ELECTROMECANICA DOLDAN;En Ejecución;;011/12;26/04/13;;;;;;;;;;;;;
21 J;6998883;522542;MISIONES;Santiago;Santiago;Santiago;Vya Renda;25;ING. JULIO ANTONIO GALIANO MORAN;En Ejecución;;024/12;;;;;;;;;;;;;;
21 J;;;MISIONES;San Juan Bautista;San Juan Bautista;CooperSanjuba;FONCOOP;20;Cooperates;Culminado;;;;;;;;;;;;;;;;
21 J;;;MISIONES;San Juan Bautista;San Juan Bautista;AERS;FONAVIS;40;COTEP S.A.;En Ejecución;;;29/01/14;;2,3,4;;;;;;;;;;;
21 J;;;MISIONES;San Juan Bautista;;Viviendas Municipal;FONAVIS;28;COTEP S.A.;Culminado;;;;;3,4;;;;;;;;;;;
21 J;;;MISIONES;Santa Rosa;Santa Rosa;Repatriados - Santa Rosa;FONAVIS;10;ABOG. CRISTIAN CESAR TURRINI AYALA;En Ejecución;;;;;4;;;;;;;;;;;
21 J;;;MISIONES;San Ignacio;San Ignacio;Arapisandu;CEPRA;35;2G Construcciones;En Ejecución;;010/11;;;;;;;;;;;;;;
21 J;;;MISIONES;San Ignacio;Che Jazmín;Che Jazmín;CEPRA;45;Ingenet S.R.L.;En Ejecución;;010/11;;;;;;;;;;;;;;
21 J;;;MISIONES;Santa Rosa;;G.O.Sta. Roseños de Resid.en la Argentina;FONAVIS;10;ABOG. CRISTIAN CESAR TURRINI AYALA;En Ejecución;;;;;4;;;;;;;;;;;
21 J;;;MISIONES;San Ignacio;San Ignacio;Arapisandú;CEPRA;0;Ingenet S.R.L.;En Ejecución;;010/11;;;;;;;;;;;;;;
21 J;;;MISIONES;San Ignacio;Che jazmín;Che Jazmín;CEPRA;0;2G Constructora;En Ejecución;;010/11;;;;;;;;;;;;;;
21 J;7025758;371668;ÑEEMBUCU;Pilar;;Pilar;Viviendas Económicas;50;TECNOSUR INGENIERIA SRL;En Ejecución;;003/11;17/10/11;;;;;;;;;;;;;
21 J;7102462;387068;ÑEEMBUCU;Alberdi;;Alberdi;Viviendas Económicas;32;TECNOSUR INGENIERIA SRL;Paralizado;;003/11;21/10/11;;;;;;;;;;;;;
21 J;7004637;349555;ÑEEMBUCU;Humaita;;Humaita;Vya Renda;32;V & R CONTRUCCIONES;En Ejecución;;007/11;;;;;;;;;;;;;;
21 J;6997625;407808;ÑEEMBUCU;Villalbin;;Villalbín;Vya Renda;25;CONSORCIO VEK;En Ejecución;;013/11;;;;;;;;;;;;;;
21 J;6985195;346052;ÑEEMBUCU;Paso de Patria;;Paso de Patria;Vya Renda;25;DEPOSITO DE MATERIALES SAN FRANCISCO;En Ejecución;;018/11;;;;;;;;;;;;;;
21 J;7050447;408860;ÑEEMBUCU;San Juan Bautista;San Juan bautista;San Juan Ñeembucú;Vya Renda;35;V & R CONTRUCCIONES;En Ejecución;;011/12;22/04/13;;;;;;;;;;;;;
21 J;7030690;370652;ÑEEMBUCU;Pilar;Pilar;Villa Paso;FOCEM;100;Consorcio 2G;Culminado;;;;13/06/11;;;;;;;;;;;;
21 J;;;ÑEEMBUCU;Tacuaras;Belen;Belén - Colonia Yacarey;CEPRA;80;Ingenet S.R.L.;En Ejecución;;010/11;;;;;;;;;;;;;;
21 J;;;ÑEEMBUCU;Pilar;;Coop. Desmochado Ltda.;FONCOOP;20;Osvaldo Granada;En Ejecución;;;;;;;;;;;;;;;;
21 J;7032324;401480;ÑEEMBUCU;Tacuaras;Tacuaras;Municipalidad de Tacuaras;CHE TAPYI;70;ALFA Y OMEGA S.A. CONSTRUCTORA;En Ejecución;;;;;;;;;;;;;;;;
21 J;;;ÑEEMBUCU;Tacuaras;Belen;Belén  - Colonia Yacarey;CEPRA;0;2G Constructora;En Ejecución;;010/11;;;;;;;;;;;;;;
21J;7173970;470565;PARAGUARI;Yaguaron;;Mbaritú - Yaguarón;Viviendas Económicas;75;HORMIMETAL CONSULTORA;Rescindido;;004/11;;;;;;;;;;;;;;
21 J;7151245;474705;PARAGUARI;Carapegua;;Ita Carapegua;Viviendas Económicas;0;ING. ENRIQUE PARISI;Culminado;;009/09;;20/09/10;;;;;;;;;;;;
21J;7100484;524690;PARAGUARI;Mbuyapey;Mbuyapey;Mbuyapey;Vya Renda;50;ARQ. MARIA DE FATIMA SERVIN MOLINAS;En Ejecución;;018/12;;;;;;;;;;;;;;
21 J;7151245;474705;PARAGUARI;Carapegua;Carapeguá;Ita Carapegua;Viviendas Económicas;55;Ing. Willian Negrete;Culminado;;009/09;15/02/10;21/12/10;;;;;;;;;;;;
;;;PARAGUARI;Tebicuarymi;;Vy'a Rendá;FONAVIS;10;ARQ. ELVA EUSTAQUIA FIGUEREDO MONTIEL;Culminado;;;;;4;;;;;;;;;;;
21 J;7164876;483815;PARAGUARI;Paraguari;;Hogar Propio;FONAVIS;26;ASOCIACION TEKOVERA;Culminado;;;;;3,4;;;;;;;;;;;
21 J;;;PARAGUARI;Quiindy;;Curucau;FONAVIS;13;EMPRENDIMIENTOS INMOBILIARIOS;En Ejecución;;;;;4;;;;;;;;;;;
21 J;;;PARAGUARI;Ybycui;;Che Oro Cuí;FONAVIS;38;COORDINADORA DE DESARROLLO DEPARTAMENTAL (CODEPA);En Ejecución;;;;;4;;;;;;;;;;;
21 J;;;PARAGUARI;Carapegua;;Bicentenario;FONAVIS;40;COORDINADORA DE DESARROLLO DEPARTAMENTAL (CODEPA);Culminado;;;;;4;;;;;;;;;;;
21 J;;;PARAGUARI;Caapucu;;G.O.Com.Pro Viv.Pyto.Fonavis - Senavitat;FONAVIS;24;ABOG. CRISTIAN CESAR TURRINI AYALA;En Ejecución;;;;;4;;;;;;;;;;;
21 J;;;PARAGUARI;Caapucu;;G.O.Com.Pro Viv.Pyto.Fonavis - Senavitat;FONAVIS;10;ABOG. CRISTIAN CESAR TURRINI AYALA;En Ejecución;;;;;4;;;;;;;;;;;
21 J;;;PARAGUARI;Mbuyapey;Mbuyapey;San Francisco;CEPRA;57;BBO Logistics S.A;En Ejecución;;009/11;;;;;;;;;;;;;;
21 J;;;PARAGUARI;Mbuyapey;Liz y Francisco;Liz y Francisco;CEPRA;39;BBO Logistics S.A.;En Ejecución;;009/11;;;;;;;;;;;;;;
21 J;;;PARAGUARI;Mbuyapey;Mbuyapey;San Isidro Labrador;CEPRA;20;BBO Logistics S.A.;En Ejecución;;009/11;;;;;;;;;;;;;;
21 J;;;PARAGUARI;Mbuyapey;Mbuyapey;Quyquyo Poty;CEPRA;12;ZB Constructora;En Ejecución;;009/11;;;;;;;;;;;;;;
21 J;;;PARAGUARI;Mbuyapey;Mbuyapey;San Juan;CEPRA;21;Agrofepar de Coimpsa;En Ejecución;;009/11;;;;;;;;;;;;;;
21 J;;;PARAGUARI;Pirayu;;G.O.Pro Vivienda de Pirayú;FONAVIS;45;COTEP S.A.;En Ejecución;;;26/02/14;;4;;;;;;;;;;;
21 J;7151472;519091;PARAGUARI;Ybytymi;;Municipalidad de Ybytimi;CHE TAPYI;70;ARQ. CELSO MORENO MARTINEZ;En Ejecución;;;;;;;;;;;;;;;;
21 J;;;PARAGUARI;Mbuyapey;San Isidro Labrador;San Isidro Labrador;CEPRA;0;Deposito Mat. Vertice;En Ejecución;;009/11;;;;;;;;;;;;;;
21 J;;;PARAGUARI;Mbuyapey;San Isidro Labrador;San Isidro Labrador;CEPRA;0;Agrofepar de Coimpsa;En Ejecución;;009/11;;;;;;;;;;;;;;
21 J;;;PARAGUARI;Mbuyapey;San Isidro labrador;San Isidro Labrador;CEPRA;0;Cieca S.R.L.;En Ejecución;;009/11;;;;;;;;;;;;;;
21 J;;;PARAGUARI;Mbuyapey;San Juan;San Juan;CEPRA;0;Deposito Mat. Vertice;En Ejecución;;009/11;;;;;;;;;;;;;;
21 J;;;PARAGUARI;Mbuyapey;San Juan;San Juan;CEPRA;0;BBO Logistics;En Ejecución;;009/11;;;;;;;;;;;;;;
21 J;;;PARAGUARI;Mbuyapey;San Juan;San Juan;CEPRA;0;Cieca S.R.L.;En Ejecución;;009/11;;;;;;;;;;;;;;
21 J;;;PARAGUARI;Mbuyapey;Mbuyapey;San Francisco;CEPRA;0;Deposito Mat. Vertice;En Ejecución;;009/11;;;;;;;;;;;;;;
21 J;;;PARAGUARI;Mbuyapey;Mbuyapey;San Francisco;CEPRA;0;Agrofepar de Coimpsa;En Ejecución;;009/11;;;;;;;;;;;;;;
21 J;;;PARAGUARI;Mbuyapey;Mbuyapey;San Francisco;CEPRA;0;Cieca S.R.L.;En Ejecución;;009/11;;;;;;;;;;;;;;
21 J;;;PARAGUARI;Mbuyapey;Quyquyho poty;Quyquyo Poty;CEPRA;0;Deposito Mat. Vertice;En Ejecución;;009/11;;;;;;;;;;;;;;
21 J;;;PARAGUARI;Mbuyapey;Quyquyo Poty;Quyquyo Poty;CEPRA;0;BBO Logistics S.A.;En Ejecución;;009/11;;;;;;;;;;;;;;
21 J;;;PARAGUARI;Mbuyapey;Quyquyo Poty;Quyquyo Poty;CEPRA;0;Ceport;En Ejecución;;009/11;;;;;;;;;;;;;;
21 J;;;PARAGUARI;Mbuyapey;Quyquyo Poty;Quyquyo Poty;CEPRA;0;Cieca S.R.L.;En Ejecución;;009/11;;;;;;;;;;;;;;
;;;PARAGUARI;Mbuyapey;Liz y Francisco;Liz y Francisco;CEPRA;0;Deposito Mat. Vertice;En Ejecución;;009/11;;;;;;;;;;;;;;
21 J;;;PARAGUARI;Mbuyapey;Liz y Francisco;Liz y Francisco;CEPRA;0;Cieca S.R.L.;En Ejecución;;009/11;;;;;;;;;;;;;;
20 K;7390295;746611;PTE. HAYES;Tte. Esteban Martinez;Cacique Sapo;Cacique Sapo 2° etapa;Pueblos Originarios;12;J.R. Constructora;Paralizado;;003/11;08/07/11;;;;;;;;;;;;;
21 J;7239505;443236;PTE. HAYES;Benjamin Aceval;Benjamin Aceval;San Francisco - Benjamin Aceval- Lote 8;Pueblos Originarios;30;CONSTRUCTORA DIVINO NIÑO JESUS;Paralizado;;005/12;17/09/12;;;;;;;;;;;;;
21 J;7240044;444962;PTE. HAYES;Benjamin Aceval;Benjamín Aceval;Santa Lucia - Benjamin Aceval;Pueblos Originarios;27;AVANCE CONSULTORA S.R.L.;En Ejecución;;015/12;22/04/13;;;;;;;;;;;;;
20 K;7390295;746611;PTE. HAYES;Tte. Esteban Martinez;Cacique Sapo;Comunidad Cacique Sapo - Infrestructura;Pueblos Originarios;36;ARQ. RAMON A. GAONA;En Ejecución;;015/12;24/02/13;;;;;;;;;;;;;
21 K;7472298;344915;PTE. HAYES;Puerto Pinasco;Caroa í;Caroa í;Pueblos Originarios;15;Consorcio Pro Hogar;Paralizado;;003/11;18/07/11;;;;;;;;;;;;;
21K;7473103;342499;PTE. HAYES;Puerto Pinasco;Caroa Guazú;Caroa Guazú;Pueblos Originarios;10;Consorcio Pro Hogar;En Ejecución;;003/11;18/07/11;;;;;;;;;;;;;
21K;7476224;339177;PTE. HAYES;Puerto Pinasco;Paciencia;Paciencia;Pueblos Originarios;15;Consorcio Pro Hogar;Paralizado;;003/11;18/07/11;;;;;;;;;;;;;
21K;7470285;345217;PTE. HAYES;Puerto Pinasco;Leona;Leona - La Patria;Pueblos Originarios;20;Consorcio Pro Hogar;Paralizado;;003/11;18/07/11;;;;;;;;;;;;;
21K;7473103;337667;PTE. HAYES;Puerto Pinasco;Flores;Flores - La Patria;Pueblos Originarios;20;Consorcio Pro Hogar;Paralizado;;003/11;18/07/11;;;;;;;;;;;;;
21K;7468976;347331;PTE. HAYES;Puerto Pinasco;Colonia 24;Colonia 24 - La Patria;Pueblos Originarios;15;Consorcio Pro Hogar;En Ejecución;;003/11;18/07/11;;;;;;;;;;;;;
21k;7471090;350351;PTE. HAYES;Puerto Pinasco;Carpincho;Carpincho - La Patria;Pueblos Originarios;20;Consorcio Pro Hogar;Paralizado;;003/11;18/07/11;;;;;;;;;;;;;
21K;7459879;287282;PTE. HAYES;Puerto Pinasco;Nepoxen;Nepoxen - La Patria;Pueblos Originarios;10;Consorcio Pro Hogar;Paralizado;;003/11;18/07/11;;;;;;;;;;;;;
21K;7462559;297300;PTE. HAYES;Puerto Pinasco;Quenaten;Quenaten - la Patria;Pueblos Originarios;10;Consorcio Pro Hogar;Paralizado;;003/11;18/07/11;;;;;;;;;;;;;
21K;7459927;294252;PTE. HAYES;Puerto Pinasco;Tajamar cabayu;Tajamar Cabayu;Pueblos Originarios;10;Consorcio Pro Hogar;Paralizado;;003/11;18/07/11;;;;;;;;;;;;;
21 K;7393980;206960;PTE. HAYES;Sin Nombre;;Novoctas;Pueblos Originarios;20;Lepo;Rescindido;;011/11;23/01/12;;;;;;;;;;;;;
21 J;7239270;443321;PTE. HAYES;Benjamin Aceval;Benjamin Aceval;Ngalec Qom;Pueblos Originarios;20;Lepo;Rescindido;;011/11;23/01/12;;;;;;;;;;;;;
21 K;7473919;353274;PTE. HAYES;Puerto Pinasco;6 de Marzo;6 de marzo - La Patria;Pueblos Originarios;18;Lepo;Rescindido;;011/11;23/01/12;;;;;;;;;;;;;
21 K;7473784;198890;PTE. HAYES;Sin Nombre;;Campo Largo;Pueblos Originarios;20;Lepo;Rescindido;;011/11;23/01/12;;;;;;;;;;;;;
21 K;7346836;325161;PTE. HAYES;Villa Hayes;;La Esperanza;Pueblos Originarios;66;Lepo;Rescindido;;011/11;23/01/12;;;;;;;;;;;;;
21 J;7213497;435808;PTE. HAYES;Villa Hayes;Villa Hayes;Quemkuket;Pueblos Originarios;30;Lepo;Rescindido;;011/11;23/01/12;;;;;;;;;;;;;
21 K;7454243;241544;PTE. HAYES;Villa Hayes;;Terrenal;Pueblos Originarios;28;Lepo;Rescindido;;011/11;23/01/12;;;;;;;;;;;;;
20 k;7368895;727587;PTE. HAYES;Tte. Esteban Martinez;San Leonardo;Fishat - San Leonardo;Pueblos Originarios;30;Lepo;Rescindido;;011/11;23/01/12;;;;;;;;;;;;;
21 J;;;PTE. HAYES;Benjamin Aceval;Cerrito;12 de Junio;FONAVIS;30;COTEP S.A.;En Ejecución;;;25/11/13;;4;;;;;;;;;;;
;;;SAN PEDRO;Antequera;Antequera;Asentamiento Santo Domingo;FONAVIS;22;LIC. MARIA MERCEDES ENRIQUEZ ARANDA;Culminado;;;;;4;;;;;;;;;;;
21 J;7255181;527006;SAN PEDRO;25 de Diciembre;;25 de Diciembre;Vya Renda;30;TRAZO S.R.L.;Paralizado;;002/10;;;;;;;;;;;;;;
21J;7338355;555647;SAN PEDRO;Gral. Francisco I. Resquin;;Gral. Resquín;Vya Renda;30;HUGO DANIEL PATIÑO L.---;En Ejecución;;018/11;;;;;;;;;;;;;;
21J;7344511;571727;SAN PEDRO;Sin Nombre;;Naranjito;Vya Renda;20;3 G CONSTRUCCIONES;En Ejecución;;018/11;;;;;;;;;;;;;;
21J;7286480;559702;SAN PEDRO;Guajaybi;;Guayaibi;Vya Renda;20;VARELA CONSTRUCCIONES;Culminado;;018/11;22/02/12;17/07/13;;;;;;;;;;;;
21 J;;;SAN PEDRO;Santa Rosa del Aguaray;Santa Rosa del Aguaray;Santa Rosa del Aguaray;Vya Renda;60;CONSORCIO YEGROS;Rescindido;;;;;;;;;;;;;;;;
21 J;7283488;576228;SAN PEDRO;Yrybucua;La Palomita;Yrybycua - la palomita;Pueblos Originarios;22;J.N. COMERCIAL E INDUSTRIA;En Ejecución;;005/12;17/09/12;;;;;;;;;;;;;
21 J;7250619;564572;SAN PEDRO;Yataity del Norte;;Yataity del Norte;Vya Renda;25;M & M CONSTRUCCIONES;En Ejecución;;004/12;30/01/13;;;;;;;;;;;;;
21 J;7337740;493512;SAN PEDRO;San Pedro del Ycuamandiyu;San Pedro del Ycuamandiyú;San Pedro del Ycuamandiyú;Viviendas Económicas;60;CIVIALPAR INGENIERIA;En Ejecución;;019/11;15/03/13;;;;;;;;;;;;;
21 J;7352437;572144;SAN PEDRO;Gral. Francisco I. Resquin;;Ko'e Poty-General Resquín - Lote2;Pueblos Originarios;20;WM CONSTRUCCIONES CIVILES;En Ejecución;;015/12;22/02/13;;;;;;;;;;;;;
21 J;7352437;572144;SAN PEDRO;Gral. Francisco I. Resquin;;Tapyi Cue- Gral. Resquín - LOTE 3;Pueblos Originarios;15;WM CONSTRUCCIONES CIVILES;Paralizado;;015/12;22/02/13;;;;;;;;;;;;;
21 J;7287927;587831;SAN PEDRO;Yrybucua;Y'apy Santa Isabel; Y'apy Santa Isabel-Yrybycua - Lote 4;Pueblos Originarios;25;WM CONSTRUCCIONES CIVILES;En Ejecución;;015/12;22/02/13;;;;;;;;;;;;;
21j;7366690;546657;SAN PEDRO;Santa Rosa del Aguaray;6 de Enero;Santa Rosa del Aguaray;Vya Renda;60;AGRORURAL;En Ejecución;;011/12;09/01/14;;;;;;;;;;;;;
21 J;;;SAN PEDRO;San Pedro del Ycuamandiyu;;Acispe - San Pedro;Pueblos Originarios;36;J.R. Constructora;En Ejecución;;003/11;08/07/11;;;;;;;;;;;;;
21 J;;;SAN PEDRO;Sin Nombre;;Escuela Taller;FONAVIS;39;LIC. MARIA MERCEDES ENRIQUEZ ARANDA;Culminado;;;;;4;;;;;;;;;;;
21 J;;;SAN PEDRO;Antequera;Antequera;Santo Domingo;FONAVIS;22;LIC. MARIA MERCEDES ENRIQUEZ ARANDA;Culminado;;;;;4;;;;;;;;;;;
21 J;;;SAN PEDRO;San Pedro del Ycuamandiyu;;Escuela Taller 2° Fase;FONAVIS;40;LIC. MARIA MERCEDES ENRIQUEZ ARANDA;Culminado;;;;;4;;;;;;;;;;;
21 J;;;SAN PEDRO;Antequera;Laguna Verá;Laguna Verá;FONAVIS;35;LIC. MARIA MERCEDES ENRIQUEZ ARANDA;En Ejecución;;;;;4;;;;;;;;;;;
21 J;7263209;597611;SAN PEDRO;Sin Nombre;Asentamiento 1° de marzo;Asentamiento 1° de marzo;CHE TAPYI;102;ING. ROBERTO CHAVEZ.---;En Ejecución;;001/14;;;;;;;;;;;;;;
;;;SAN PEDRO;Tacuati;Ex Montaner;Ex Montaner;CEPRA;69;Deposito Mat. San Cristobal;Culminado;;003/09;;;;;;;;;;;;;;
;;;SAN PEDRO;Yrybucua;Justo Villanueva;Justo Villanueva;CEPRA;31;Roca S.A. Construcciones;Culminado;;003/09;;;;;;;;;;;;;;
;;;SAN PEDRO;Yrybucua;Punta del este;Punta del Este;CEPRA;30;Servisan;Culminado;;003/09;;;;;;;;;;;;;;
;;;SAN PEDRO;Santa Rosa del Aguaray;Felipe Osorio;Felipe Osorio;CEPRA;135;Construcciones Chivato Poty;Culminado;;003/09;;;;;;;;;;;;;;
;;;SAN PEDRO;San Pedro del Ycuamandiyu;Ex Tahon;Ex Tahon;CEPRA;0;Deposito Mat. San Cristobal;Culminado;;003/09;;;;;;;;;;;;;;
;;;SAN PEDRO;Tacuati;Ex Montaner;Ex Montaner;CEPRA;0;Roca S.A.;Culminado;;003/09;;;;;;;;;;;;;;
;;;SAN PEDRO;Tacuati;Ex Montaner;Ex Montaner;CEPRA;0;Servisan;Culminado;;003/09;;;;;;;;;;;;;;
;;;SAN PEDRO;Tacuati;Tacuatí;Ex Montaner;CEPRA;0;Construcciones Chivato Poty;Culminado;;003/09;;;;;;;;;;;;;;
;;;SAN PEDRO;Yrybucua;Justo Villanueva;Justo Villanueva;CEPRA;0;Deposito Mat. San Cristobal;Culminado;;003/09;;;;;;;;;;;;;;
;;;SAN PEDRO;Yrybucua;Justo Villanueva;Justo Villanueva;CEPRA;0;Servisan;Culminado;;003/09;;;;;;;;;;;;;;
;;;SAN PEDRO;Yrybucua;Justo Villanueva;Justo Villanueva;CEPRA;0;Construcciones Chivato Poty;Culminado;;003/09;;;;;;;;;;;;;;
;;;SAN PEDRO;Yrybucua;Punta del Este;Punta del Este;CEPRA;0;Deposito de Mat. San Cristobal;Culminado;;003/09;;;;;;;;;;;;;;
;;;SAN PEDRO;Yrybucua;Punta del este;Punta del Este;CEPRA;0;Roca S.A.;Culminado;;003/09;;;;;;;;;;;;;;
;;;SAN PEDRO;Yrybucua;Punta del Este;Punta del Este;CEPRA;0;Construcciones Chivato Poty;Culminado;;003/09;;;;;;;;;;;;;;
;;;SAN PEDRO;Yrybucua;Felipe Osorio;Felipe Osorio;CEPRA;0;Deposito de Mat. San Cristobal;Culminado;;003/09;;;;;;;;;;;;;;
;;;SAN PEDRO;Yrybucua;Felipe Osorio;Felipe Osorio;CEPRA;0;Roca S.A.;Culminado;;003/09;;;;;;;;;;;;;;
;;;SAN PEDRO;Yrybucua;Felipe Osorio;Felipe Osorio;CEPRA;0;Deposito Mat. San Cristobal;Culminado;;006/09;;;;;;;;;;;;;;
;;;SAN PEDRO;Yrybucua;Ex Tahon;Ex Tahon;CEPRA;0;Roca S.A.;Culminado;;003/09;;;;;;;;;;;;;;
;;;SAN PEDRO;Yrybucua;Ex Tahon;Ex Tahon;CEPRA;0;Servisan;Culminado;;003/09;;;;;;;;;;;;;;
;;;SAN PEDRO;Yrybucua;Ex Tahon;Ex Tahon;CEPRA;0;Construcciones Chivato Poty;Culminado;;003/09;;;;;;;;;;;;;;
;;;SAN PEDRO;Santa Rosa del Aguaray;Felipe Osorio;Felipe Osorio;CEPRA;0;Servisan;Culminado;;006/09;;;;;;;;;;;;;;
;;;SAN PEDRO;Santa Rosa del Aguaray;Felipe Osorio;Felipe Osorio;CEPRA;0;Sauce Construcciones;Culminado;;006/09;;;;;;;;;;;;;;
;;;SAN PEDRO;Santa Rosa del Aguaray;Santa Rosa del Aguaray;Calle 2 y 3;CEPRA;18;Deposito Mat. San Cristobal;Culminado;;006/09;;;;;;;;;;;;;;
;;;SAN PEDRO;Santa Rosa del Aguaray;Santa Rosa del Aguaray;Calle 2 y 3;CEPRA;0;Servisan;Culminado;;006/09;;;;;;;;;;;;;;
;;;SAN PEDRO;Santa Rosa del Aguaray;Santa Rosa del Aguaray;Calle 2 y 3;CEPRA;0;Sauce Construcciones;Culminado;;006/09;;;;;;;;;;;;;;
;;;SAN PEDRO;Tacuati;Tacuati;Ex Montaner;CEPRA;49;Deposito Mat. San Cristobal;Culminado;;006/09;;;;;;;;;;;;;;
;;;SAN PEDRO;Tacuati;Tacuati;Ex Montaner;CEPRA;0;Servisan;Culminado;;006/09;;;;;;;;;;;;;;
;;;SAN PEDRO;Tacuati;Tacuati;Ex Montaner;CEPRA;0;Sauce Construcciones;Culminado;;006/09;;;;;;;;;;;;;;